filepath,label,true_label_idx,predicted_label_idx,true_label,predicted_label,correct,confidence
/content/gdrive/My Drive/Colab Notebooks/Assignment/flower_photos/roses/11694025703_9a906fedc1_n.jpg,roses,2,2,roses,roses,True,0.9997967
/content/gdrive/My Drive/Colab Notebooks/Assignment/flower_photos/daisy/5874818796_3efbb8769d.jpg,daisy,0,0,daisy,daisy,True,0.9999865
/content/gdrive/My Drive/Colab Notebooks/Assignment/flower_photos/roses/8442304572_2fdc9c7547_n.jpg,roses,2,2,roses,roses,True,0.8846929
/content/gdrive/My Drive/Colab Notebooks/Assignment/flower_photos/tulips/4955884820_7e4ce4d7e5_m.jpg,tulips,4,4,tulips,tulips,True,1.0
/content/gdrive/My Drive/Colab Notebooks/Assignment/flower_photos/roses/5083072098_81587295d5.jpg,roses,2,2,roses,roses,True,0.9643119
/content/gdrive/My Drive/Colab Notebooks/Assignment/flower_photos/sunflowers/14925398301_55a180f919_n.jpg,sunflowers,3,3,sunflowers,sunflowers,True,0.9999877
/content/gdrive/My Drive/Colab Notebooks/Assignment/flower_photos/sunflowers/9558627290_353a14ba0b_m.jpg,sunflowers,3,3,sunflowers,sunflowers,True,0.99988234
/content/gdrive/My Drive/Colab Notebooks/Assignment/flower_photos/roses/15509799653_0562d4a4fa.jpg,roses,2,2,roses,roses,True,0.99998915
/content/gdrive/My Drive/Colab Notebooks/Assignment/flower_photos/daisy/3861452393_14d2f95157_m.jpg,daisy,0,0,daisy,daisy,True,0.99999917
/content/gdrive/My Drive/Colab Notebooks/Assignment/flower_photos/dandelion/6103898045_e066cdeedf_n.jpg,dandelion,1,1,dandelion,dandelion,True,0.9999362
/content/gdrive/My Drive/Colab Notebooks/Assignment/flower_photos/sunflowers/2720698862_486d3ec079_m.jpg,sunflowers,3,3,sunflowers,sunflowers,True,0.99413633
/content/gdrive/My Drive/Colab Notebooks/Assignment/flower_photos/roses/9164900485_605aa12da8.jpg,roses,2,2,roses,roses,True,0.9999894
/content/gdrive/My Drive/Colab Notebooks/Assignment/flower_photos/dandelion/9472854850_fc9e1db673.jpg,dandelion,1,1,dandelion,dandelion,True,0.99801767
/content/gdrive/My Drive/Colab Notebooks/Assignment/flower_photos/dandelion/3533167406_e9f4cf10bb_m.jpg,dandelion,1,1,dandelion,dandelion,True,0.99752015
/content/gdrive/My Drive/Colab Notebooks/Assignment/flower_photos/daisy/2019064575_7656b9340f_m.jpg,daisy,0,0,daisy,daisy,True,0.99991906
/content/gdrive/My Drive/Colab Notebooks/Assignment/flower_photos/sunflowers/4933823300_39fd4420b6.jpg,sunflowers,3,3,sunflowers,sunflowers,True,0.99986553
/content/gdrive/My Drive/Colab Notebooks/Assignment/flower_photos/tulips/16169741783_deeab1a679_m.jpg,tulips,4,4,tulips,tulips,True,0.97457993
/content/gdrive/My Drive/Colab Notebooks/Assignment/flower_photos/tulips/7042692841_f323799c0d.jpg,tulips,4,4,tulips,tulips,True,0.999979
/content/gdrive/My Drive/Colab Notebooks/Assignment/flower_photos/daisy/99306615_739eb94b9e_m.jpg,daisy,0,0,daisy,daisy,True,0.99963593
/content/gdrive/My Drive/Colab Notebooks/Assignment/flower_photos/tulips/16680998737_6f6225fe36.jpg,tulips,4,2,tulips,roses,False,0.99637634
/content/gdrive/My Drive/Colab Notebooks/Assignment/flower_photos/sunflowers/5223643767_d8beb7e410.jpg,sunflowers,3,3,sunflowers,sunflowers,True,0.9915223
/content/gdrive/My Drive/Colab Notebooks/Assignment/flower_photos/daisy/8964198962_6d8593b533.jpg,daisy,0,0,daisy,daisy,True,0.9999912
/content/gdrive/My Drive/Colab Notebooks/Assignment/flower_photos/roses/20622485918_90fc000c86_n.jpg,roses,2,2,roses,roses,True,0.999944
/content/gdrive/My Drive/Colab Notebooks/Assignment/flower_photos/tulips/2351637471_5dd34fd3ac_n.jpg,tulips,4,4,tulips,tulips,True,0.9999881
/content/gdrive/My Drive/Colab Notebooks/Assignment/flower_photos/roses/5234278003_d827fcd73b_m.jpg,roses,2,2,roses,roses,True,0.99941254
/content/gdrive/My Drive/Colab Notebooks/Assignment/flower_photos/roses/512694812_48ba9c0b49_n.jpg,roses,2,2,roses,roses,True,0.99999964
/content/gdrive/My Drive/Colab Notebooks/Assignment/flower_photos/roses/4503599544_3822e7d1be.jpg,roses,2,2,roses,roses,True,0.9649787
/content/gdrive/My Drive/Colab Notebooks/Assignment/flower_photos/dandelion/6229634119_af5fec0a22.jpg,dandelion,1,1,dandelion,dandelion,True,0.9999982
/content/gdrive/My Drive/Colab Notebooks/Assignment/flower_photos/sunflowers/2883115609_5a69357b5d_m.jpg,sunflowers,3,3,sunflowers,sunflowers,True,0.98469526
/content/gdrive/My Drive/Colab Notebooks/Assignment/flower_photos/sunflowers/215798357_3f4bfa27b7.jpg,sunflowers,3,3,sunflowers,sunflowers,True,0.999979
/content/gdrive/My Drive/Colab Notebooks/Assignment/flower_photos/dandelion/1426682852_e62169221f_m.jpg,dandelion,1,1,dandelion,dandelion,True,0.99997044
/content/gdrive/My Drive/Colab Notebooks/Assignment/flower_photos/tulips/13471563274_471fc1db33_m.jpg,tulips,4,4,tulips,tulips,True,0.99996746
/content/gdrive/My Drive/Colab Notebooks/Assignment/flower_photos/sunflowers/6061175433_95fdb12f32_n.jpg,sunflowers,3,3,sunflowers,sunflowers,True,0.9999844
/content/gdrive/My Drive/Colab Notebooks/Assignment/flower_photos/dandelion/17482158576_86c5ebc2f8.jpg,dandelion,1,1,dandelion,dandelion,True,0.999992
/content/gdrive/My Drive/Colab Notebooks/Assignment/flower_photos/sunflowers/19519101829_46af0b4547_m.jpg,sunflowers,3,3,sunflowers,sunflowers,True,0.9999311
/content/gdrive/My Drive/Colab Notebooks/Assignment/flower_photos/roses/5060519573_c628547e20_n.jpg,roses,2,2,roses,roses,True,0.9968399
/content/gdrive/My Drive/Colab Notebooks/Assignment/flower_photos/daisy/14421389519_d5fd353eb4.jpg,daisy,0,0,daisy,daisy,True,0.99998796
/content/gdrive/My Drive/Colab Notebooks/Assignment/flower_photos/tulips/8712230357_1298b8513b.jpg,tulips,4,4,tulips,tulips,True,1.0
/content/gdrive/My Drive/Colab Notebooks/Assignment/flower_photos/tulips/5813495998_64be1b8ab6_n.jpg,tulips,4,4,tulips,tulips,True,0.9999993
/content/gdrive/My Drive/Colab Notebooks/Assignment/flower_photos/tulips/14124669683_7fb74f20c3.jpg,tulips,4,4,tulips,tulips,True,0.99999034
/content/gdrive/My Drive/Colab Notebooks/Assignment/flower_photos/dandelion/18271576032_d7e2296de4_n.jpg,dandelion,1,1,dandelion,dandelion,True,0.99337125
/content/gdrive/My Drive/Colab Notebooks/Assignment/flower_photos/roses/19153732586_9de58c8f53_n.jpg,roses,2,2,roses,roses,True,0.9999987
/content/gdrive/My Drive/Colab Notebooks/Assignment/flower_photos/dandelion/14914603395_b271ffab56_n.jpg,dandelion,1,1,dandelion,dandelion,True,0.9999808
/content/gdrive/My Drive/Colab Notebooks/Assignment/flower_photos/roses/298670754_f25edda891.jpg,roses,2,4,roses,tulips,False,0.56340444
/content/gdrive/My Drive/Colab Notebooks/Assignment/flower_photos/tulips/14087792403_f34f37ba3b_m.jpg,tulips,4,4,tulips,tulips,True,0.9999981
/content/gdrive/My Drive/Colab Notebooks/Assignment/flower_photos/sunflowers/4942258704_c4146b710a_n.jpg,sunflowers,3,3,sunflowers,sunflowers,True,0.99995553
/content/gdrive/My Drive/Colab Notebooks/Assignment/flower_photos/sunflowers/3154932290_4bf43bd34f_n.jpg,sunflowers,3,3,sunflowers,sunflowers,True,0.9999869
/content/gdrive/My Drive/Colab Notebooks/Assignment/flower_photos/roses/8692040971_826614516f_n.jpg,roses,2,2,roses,roses,True,0.9999951
/content/gdrive/My Drive/Colab Notebooks/Assignment/flower_photos/sunflowers/9558628596_722c29ec60_m.jpg,sunflowers,3,3,sunflowers,sunflowers,True,0.9951155
/content/gdrive/My Drive/Colab Notebooks/Assignment/flower_photos/tulips/2447151631_7551e6377b_n.jpg,tulips,4,4,tulips,tulips,True,0.9963175
/content/gdrive/My Drive/Colab Notebooks/Assignment/flower_photos/daisy/5795159787_ebb51a5e75.jpg,daisy,0,0,daisy,daisy,True,0.98721725
/content/gdrive/My Drive/Colab Notebooks/Assignment/flower_photos/sunflowers/15683877266_42e0fe3782_n.jpg,sunflowers,3,3,sunflowers,sunflowers,True,0.99885094
/content/gdrive/My Drive/Colab Notebooks/Assignment/flower_photos/dandelion/17367866236_61abd4d243_n.jpg,dandelion,1,1,dandelion,dandelion,True,0.9558507
/content/gdrive/My Drive/Colab Notebooks/Assignment/flower_photos/roses/7316409504_7cf3707f8a_m.jpg,roses,2,2,roses,roses,True,0.92426264
/content/gdrive/My Drive/Colab Notebooks/Assignment/flower_photos/tulips/8713389178_66bceb71a8_n.jpg,tulips,4,4,tulips,tulips,True,1.0
/content/gdrive/My Drive/Colab Notebooks/Assignment/flower_photos/sunflowers/9904127656_f76a5a4811_m.jpg,sunflowers,3,3,sunflowers,sunflowers,True,0.9999342
/content/gdrive/My Drive/Colab Notebooks/Assignment/flower_photos/daisy/6210664514_f1d211217a.jpg,daisy,0,0,daisy,daisy,True,0.99985504
/content/gdrive/My Drive/Colab Notebooks/Assignment/flower_photos/roses/4998708839_c53ee536a8_n.jpg,roses,2,2,roses,roses,True,0.9999964
/content/gdrive/My Drive/Colab Notebooks/Assignment/flower_photos/daisy/5110109540_beed4ed162_m.jpg,daisy,0,0,daisy,daisy,True,0.9063823
/content/gdrive/My Drive/Colab Notebooks/Assignment/flower_photos/daisy/2045022175_ad087f5f60_n.jpg,daisy,0,2,daisy,roses,False,0.7995706
/content/gdrive/My Drive/Colab Notebooks/Assignment/flower_photos/sunflowers/8928658373_fdca5ff1b8.jpg,sunflowers,3,3,sunflowers,sunflowers,True,0.9999329
/content/gdrive/My Drive/Colab Notebooks/Assignment/flower_photos/dandelion/136999986_e410a68efb_n.jpg,dandelion,1,1,dandelion,dandelion,True,0.9999994
/content/gdrive/My Drive/Colab Notebooks/Assignment/flower_photos/sunflowers/2619000556_6634478e64_n.jpg,sunflowers,3,3,sunflowers,sunflowers,True,0.9999423
/content/gdrive/My Drive/Colab Notebooks/Assignment/flower_photos/tulips/10686568196_b1915544a8.jpg,tulips,4,4,tulips,tulips,True,0.99966896
/content/gdrive/My Drive/Colab Notebooks/Assignment/flower_photos/sunflowers/4846786944_2832c5c8b8.jpg,sunflowers,3,3,sunflowers,sunflowers,True,0.9999993
/content/gdrive/My Drive/Colab Notebooks/Assignment/flower_photos/tulips/2426847695_4b8409402e_n.jpg,tulips,4,4,tulips,tulips,True,1.0
/content/gdrive/My Drive/Colab Notebooks/Assignment/flower_photos/dandelion/20165867412_fc45d31698_m.jpg,dandelion,1,1,dandelion,dandelion,True,0.9995708
/content/gdrive/My Drive/Colab Notebooks/Assignment/flower_photos/dandelion/7222962522_36952a67b6_n.jpg,dandelion,1,4,dandelion,tulips,False,0.986054
/content/gdrive/My Drive/Colab Notebooks/Assignment/flower_photos/sunflowers/22203670478_9ec5c2700b_n.jpg,sunflowers,3,3,sunflowers,sunflowers,True,0.9999827
/content/gdrive/My Drive/Colab Notebooks/Assignment/flower_photos/sunflowers/8202034834_ee0ee91e04_n.jpg,sunflowers,3,3,sunflowers,sunflowers,True,0.74482137
/content/gdrive/My Drive/Colab Notebooks/Assignment/flower_photos/dandelion/7262863194_682209e9fb.jpg,dandelion,1,1,dandelion,dandelion,True,0.9999993
/content/gdrive/My Drive/Colab Notebooks/Assignment/flower_photos/dandelion/17276354745_2e312a72b5_n.jpg,dandelion,1,1,dandelion,dandelion,True,0.9999999
/content/gdrive/My Drive/Colab Notebooks/Assignment/flower_photos/dandelion/12998979765_3de89e7195_n.jpg,dandelion,1,1,dandelion,dandelion,True,1.0
/content/gdrive/My Drive/Colab Notebooks/Assignment/flower_photos/daisy/5973488341_50bdf6cee3_n.jpg,daisy,0,0,daisy,daisy,True,0.99997044
/content/gdrive/My Drive/Colab Notebooks/Assignment/flower_photos/daisy/3379332157_04724f6480.jpg,daisy,0,0,daisy,daisy,True,0.99981064
/content/gdrive/My Drive/Colab Notebooks/Assignment/flower_photos/sunflowers/3731075939_6c92d7fe68_m.jpg,sunflowers,3,3,sunflowers,sunflowers,True,0.99999917
/content/gdrive/My Drive/Colab Notebooks/Assignment/flower_photos/dandelion/3518608454_c3fd3c311c_m.jpg,dandelion,1,1,dandelion,dandelion,True,0.98794264
/content/gdrive/My Drive/Colab Notebooks/Assignment/flower_photos/dandelion/2465573725_d78caca9d4_n.jpg,dandelion,1,1,dandelion,dandelion,True,0.8520812
/content/gdrive/My Drive/Colab Notebooks/Assignment/flower_photos/dandelion/4573886524_5161482ca7_n.jpg,dandelion,1,1,dandelion,dandelion,True,0.721439
/content/gdrive/My Drive/Colab Notebooks/Assignment/flower_photos/sunflowers/5970301989_fe3a68aac8_m.jpg,sunflowers,3,3,sunflowers,sunflowers,True,0.9999815
/content/gdrive/My Drive/Colab Notebooks/Assignment/flower_photos/sunflowers/15266715291_dfa3f1d49f_n.jpg,sunflowers,3,3,sunflowers,sunflowers,True,0.9908326
/content/gdrive/My Drive/Colab Notebooks/Assignment/flower_photos/tulips/5665080897_0796f726c9_m.jpg,tulips,4,2,tulips,roses,False,0.8349936
/content/gdrive/My Drive/Colab Notebooks/Assignment/flower_photos/dandelion/17821459748_873101edd0_m.jpg,dandelion,1,1,dandelion,dandelion,True,0.9997689
/content/gdrive/My Drive/Colab Notebooks/Assignment/flower_photos/dandelion/7015947703_11b30c20c9_n.jpg,dandelion,1,1,dandelion,dandelion,True,0.99992514
/content/gdrive/My Drive/Colab Notebooks/Assignment/flower_photos/sunflowers/6199086734_b7ddc65816_m.jpg,sunflowers,3,3,sunflowers,sunflowers,True,0.99999774
/content/gdrive/My Drive/Colab Notebooks/Assignment/flower_photos/sunflowers/1217254584_4b3028b93d.jpg,sunflowers,3,3,sunflowers,sunflowers,True,0.99999785
/content/gdrive/My Drive/Colab Notebooks/Assignment/flower_photos/sunflowers/18843967474_9cb552716b.jpg,sunflowers,3,3,sunflowers,sunflowers,True,0.9999709
/content/gdrive/My Drive/Colab Notebooks/Assignment/flower_photos/tulips/2333321040_3960b9d67e_n.jpg,tulips,4,4,tulips,tulips,True,0.9998198
/content/gdrive/My Drive/Colab Notebooks/Assignment/flower_photos/dandelion/4645101643_9c9d9df13e.jpg,dandelion,1,1,dandelion,dandelion,True,0.99996793
/content/gdrive/My Drive/Colab Notebooks/Assignment/flower_photos/dandelion/3487229452_73e3004858.jpg,dandelion,1,1,dandelion,dandelion,True,0.9868342
/content/gdrive/My Drive/Colab Notebooks/Assignment/flower_photos/roses/22506717337_0fd63e53e9.jpg,roses,2,2,roses,roses,True,0.99941444
/content/gdrive/My Drive/Colab Notebooks/Assignment/flower_photos/roses/15060816740_68e1b2c31b.jpg,roses,2,2,roses,roses,True,0.9971004
/content/gdrive/My Drive/Colab Notebooks/Assignment/flower_photos/sunflowers/15054753070_4f6ae0e763_m.jpg,sunflowers,3,3,sunflowers,sunflowers,True,0.99798834
/content/gdrive/My Drive/Colab Notebooks/Assignment/flower_photos/dandelion/5776879272_95008399c3.jpg,dandelion,1,1,dandelion,dandelion,True,0.99974114
/content/gdrive/My Drive/Colab Notebooks/Assignment/flower_photos/sunflowers/184682320_73ccf74710.jpg,sunflowers,3,3,sunflowers,sunflowers,True,0.9999769
/content/gdrive/My Drive/Colab Notebooks/Assignment/flower_photos/roses/16424992340_c1d9eb72b4.jpg,roses,2,4,roses,tulips,False,0.8842115
/content/gdrive/My Drive/Colab Notebooks/Assignment/flower_photos/daisy/2087343668_ef4fb95787_n.jpg,daisy,0,0,daisy,daisy,True,0.99997854
/content/gdrive/My Drive/Colab Notebooks/Assignment/flower_photos/sunflowers/9427945592_07a2676945_n.jpg,sunflowers,3,3,sunflowers,sunflowers,True,0.69221586
/content/gdrive/My Drive/Colab Notebooks/Assignment/flower_photos/dandelion/16817037661_2980d823e1_n.jpg,dandelion,1,1,dandelion,dandelion,True,0.999995
/content/gdrive/My Drive/Colab Notebooks/Assignment/flower_photos/dandelion/3398195641_456872b48b_n.jpg,dandelion,1,1,dandelion,dandelion,True,0.9999429
/content/gdrive/My Drive/Colab Notebooks/Assignment/flower_photos/dandelion/2330343016_23acc484ee.jpg,dandelion,1,1,dandelion,dandelion,True,0.9999944
/content/gdrive/My Drive/Colab Notebooks/Assignment/flower_photos/roses/5529341024_0c35f2657d.jpg,roses,2,2,roses,roses,True,0.99492466
/content/gdrive/My Drive/Colab Notebooks/Assignment/flower_photos/tulips/8713398614_88202e452e_n.jpg,tulips,4,4,tulips,tulips,True,1.0
/content/gdrive/My Drive/Colab Notebooks/Assignment/flower_photos/sunflowers/14348961225_09bd803317_n.jpg,sunflowers,3,3,sunflowers,sunflowers,True,0.9998155
/content/gdrive/My Drive/Colab Notebooks/Assignment/flower_photos/tulips/7166606598_5d2cd307c3.jpg,tulips,4,4,tulips,tulips,True,0.99999845
/content/gdrive/My Drive/Colab Notebooks/Assignment/flower_photos/roses/3179751458_9646d839f6_n.jpg,roses,2,2,roses,roses,True,0.99993277
/content/gdrive/My Drive/Colab Notebooks/Assignment/flower_photos/daisy/16527403771_2391f137c4_n.jpg,daisy,0,0,daisy,daisy,True,0.9999646
/content/gdrive/My Drive/Colab Notebooks/Assignment/flower_photos/tulips/16594995743_ce72c61201_n.jpg,tulips,4,4,tulips,tulips,True,1.0
/content/gdrive/My Drive/Colab Notebooks/Assignment/flower_photos/sunflowers/7176729812_7c053921fb_m.jpg,sunflowers,3,3,sunflowers,sunflowers,True,0.98840684
/content/gdrive/My Drive/Colab Notebooks/Assignment/flower_photos/tulips/5718781677_d5e9267115_n.jpg,tulips,4,4,tulips,tulips,True,1.0
/content/gdrive/My Drive/Colab Notebooks/Assignment/flower_photos/sunflowers/14623719696_1bb7970208_n.jpg,sunflowers,3,3,sunflowers,sunflowers,True,0.99988925
/content/gdrive/My Drive/Colab Notebooks/Assignment/flower_photos/tulips/4497973347_57480ffee9_m.jpg,tulips,4,2,tulips,roses,False,0.8134784
/content/gdrive/My Drive/Colab Notebooks/Assignment/flower_photos/dandelion/8740787470_67230d0609.jpg,dandelion,1,1,dandelion,dandelion,True,0.99999464
/content/gdrive/My Drive/Colab Notebooks/Assignment/flower_photos/sunflowers/5293283002_9b17f085f7_m.jpg,sunflowers,3,3,sunflowers,sunflowers,True,0.9999993
/content/gdrive/My Drive/Colab Notebooks/Assignment/flower_photos/dandelion/15005530987_e13b328047_n.jpg,dandelion,1,1,dandelion,dandelion,True,0.9999807
/content/gdrive/My Drive/Colab Notebooks/Assignment/flower_photos/tulips/13530786873_0d34880300_n.jpg,tulips,4,4,tulips,tulips,True,0.9999758
/content/gdrive/My Drive/Colab Notebooks/Assignment/flower_photos/sunflowers/5020805135_1219d7523d.jpg,sunflowers,3,3,sunflowers,sunflowers,True,0.999946
/content/gdrive/My Drive/Colab Notebooks/Assignment/flower_photos/roses/7865295712_bcc94d120c.jpg,roses,2,2,roses,roses,True,0.9999988
/content/gdrive/My Drive/Colab Notebooks/Assignment/flower_photos/sunflowers/14925398441_107f3e0304_n.jpg,sunflowers,3,3,sunflowers,sunflowers,True,0.9999968
/content/gdrive/My Drive/Colab Notebooks/Assignment/flower_photos/dandelion/3451637528_b245144675_n.jpg,dandelion,1,1,dandelion,dandelion,True,0.99999774
/content/gdrive/My Drive/Colab Notebooks/Assignment/flower_photos/roses/4723876257_d87b781986.jpg,roses,2,3,roses,sunflowers,False,0.9557747
/content/gdrive/My Drive/Colab Notebooks/Assignment/flower_photos/tulips/16862374316_4135908d4c_m.jpg,tulips,4,4,tulips,tulips,True,0.5330692
/content/gdrive/My Drive/Colab Notebooks/Assignment/flower_photos/dandelion/14003401241_543535b385.jpg,dandelion,1,1,dandelion,dandelion,True,0.9997589
/content/gdrive/My Drive/Colab Notebooks/Assignment/flower_photos/roses/11944957684_2cc806276e.jpg,roses,2,2,roses,roses,True,0.9999989
/content/gdrive/My Drive/Colab Notebooks/Assignment/flower_photos/tulips/444963906_e41492b692.jpg,tulips,4,4,tulips,tulips,True,0.9999676
/content/gdrive/My Drive/Colab Notebooks/Assignment/flower_photos/daisy/18203367608_07a04e98a4_n.jpg,daisy,0,1,daisy,dandelion,False,0.98227626
/content/gdrive/My Drive/Colab Notebooks/Assignment/flower_photos/sunflowers/15054866658_c1a6223403_m.jpg,sunflowers,3,3,sunflowers,sunflowers,True,0.9992219
/content/gdrive/My Drive/Colab Notebooks/Assignment/flower_photos/tulips/13289268363_b9337d751e.jpg,tulips,4,4,tulips,tulips,True,0.99999976
/content/gdrive/My Drive/Colab Notebooks/Assignment/flower_photos/daisy/4301689054_20519e5b68.jpg,daisy,0,0,daisy,daisy,True,0.95333594
/content/gdrive/My Drive/Colab Notebooks/Assignment/flower_photos/dandelion/8842317179_d59cf218cb_n.jpg,dandelion,1,1,dandelion,dandelion,True,0.99999964
/content/gdrive/My Drive/Colab Notebooks/Assignment/flower_photos/daisy/8094774544_35465c1c64.jpg,daisy,0,0,daisy,daisy,True,0.9997533
/content/gdrive/My Drive/Colab Notebooks/Assignment/flower_photos/sunflowers/21995435890_e5672244a4_m.jpg,sunflowers,3,3,sunflowers,sunflowers,True,0.99998057
/content/gdrive/My Drive/Colab Notebooks/Assignment/flower_photos/tulips/9019694597_2d3bbedb17.jpg,tulips,4,4,tulips,tulips,True,0.9999995
/content/gdrive/My Drive/Colab Notebooks/Assignment/flower_photos/tulips/3502085373_edc2c36992_n.jpg,tulips,4,4,tulips,tulips,True,0.9999995
/content/gdrive/My Drive/Colab Notebooks/Assignment/flower_photos/dandelion/4523862714_b41b459c88.jpg,dandelion,1,1,dandelion,dandelion,True,0.9999995
/content/gdrive/My Drive/Colab Notebooks/Assignment/flower_photos/daisy/8882282142_9be2524d38_m.jpg,daisy,0,0,daisy,daisy,True,0.9999958
/content/gdrive/My Drive/Colab Notebooks/Assignment/flower_photos/daisy/3713290261_8a66de23ab.jpg,daisy,0,0,daisy,daisy,True,0.9999994
/content/gdrive/My Drive/Colab Notebooks/Assignment/flower_photos/roses/5835539224_75967fc400_m.jpg,roses,2,2,roses,roses,True,0.9997162
/content/gdrive/My Drive/Colab Notebooks/Assignment/flower_photos/daisy/21652746_cc379e0eea_m.jpg,daisy,0,0,daisy,daisy,True,0.9999999
/content/gdrive/My Drive/Colab Notebooks/Assignment/flower_photos/dandelion/7132482331_01769e36e9_n.jpg,dandelion,1,1,dandelion,dandelion,True,0.99992347
/content/gdrive/My Drive/Colab Notebooks/Assignment/flower_photos/dandelion/506659320_6fac46551e.jpg,dandelion,1,1,dandelion,dandelion,True,0.9998578
/content/gdrive/My Drive/Colab Notebooks/Assignment/flower_photos/dandelion/19004688463_12a8423109.jpg,dandelion,1,1,dandelion,dandelion,True,0.9999999
/content/gdrive/My Drive/Colab Notebooks/Assignment/flower_photos/roses/6570546331_ffb9dab0bf_n.jpg,roses,2,2,roses,roses,True,0.9559277
/content/gdrive/My Drive/Colab Notebooks/Assignment/flower_photos/dandelion/253622055_d72964a7fd_n.jpg,dandelion,1,1,dandelion,dandelion,True,0.99725854
/content/gdrive/My Drive/Colab Notebooks/Assignment/flower_photos/daisy/2346726545_2ebce2b2a6.jpg,daisy,0,0,daisy,daisy,True,0.9999988
/content/gdrive/My Drive/Colab Notebooks/Assignment/flower_photos/sunflowers/9240129413_f240ce7866_n.jpg,sunflowers,3,3,sunflowers,sunflowers,True,0.9999926
/content/gdrive/My Drive/Colab Notebooks/Assignment/flower_photos/tulips/12873145295_438b8197a7_n.jpg,tulips,4,4,tulips,tulips,True,0.9994418
/content/gdrive/My Drive/Colab Notebooks/Assignment/flower_photos/daisy/3098641292_76c908ba1f_n.jpg,daisy,0,0,daisy,daisy,True,0.9996215
/content/gdrive/My Drive/Colab Notebooks/Assignment/flower_photos/sunflowers/6606817351_10f6e43a09.jpg,sunflowers,3,3,sunflowers,sunflowers,True,0.99999857
/content/gdrive/My Drive/Colab Notebooks/Assignment/flower_photos/sunflowers/20777375650_ef854bf645.jpg,sunflowers,3,3,sunflowers,sunflowers,True,0.99999976
/content/gdrive/My Drive/Colab Notebooks/Assignment/flower_photos/daisy/5769217520_c90efc3c93_m.jpg,daisy,0,0,daisy,daisy,True,0.99667776
/content/gdrive/My Drive/Colab Notebooks/Assignment/flower_photos/sunflowers/6606820461_952c450f90_n.jpg,sunflowers,3,3,sunflowers,sunflowers,True,0.99996257
/content/gdrive/My Drive/Colab Notebooks/Assignment/flower_photos/roses/3661675690_ed2d05fa5f_n.jpg,roses,2,2,roses,roses,True,0.99999964
/content/gdrive/My Drive/Colab Notebooks/Assignment/flower_photos/dandelion/6983120596_8b9f084ac2_n.jpg,dandelion,1,1,dandelion,dandelion,True,0.9999968
/content/gdrive/My Drive/Colab Notebooks/Assignment/flower_photos/daisy/4792826628_aa5e5a9804_n.jpg,daisy,0,0,daisy,daisy,True,0.9994374
/content/gdrive/My Drive/Colab Notebooks/Assignment/flower_photos/daisy/8383753520_8391dd80ee_m.jpg,daisy,0,0,daisy,daisy,True,0.99991715
/content/gdrive/My Drive/Colab Notebooks/Assignment/flower_photos/dandelion/3856725141_0db85f466d_n.jpg,dandelion,1,1,dandelion,dandelion,True,0.99999976
/content/gdrive/My Drive/Colab Notebooks/Assignment/flower_photos/daisy/4668543441_79040ca329_n.jpg,daisy,0,0,daisy,daisy,True,0.99999976
/content/gdrive/My Drive/Colab Notebooks/Assignment/flower_photos/tulips/5757091018_cdfd79dfa6_m.jpg,tulips,4,4,tulips,tulips,True,0.99156547
/content/gdrive/My Drive/Colab Notebooks/Assignment/flower_photos/roses/1461381091_aaaa663bbe_n.jpg,roses,2,2,roses,roses,True,0.9999938
/content/gdrive/My Drive/Colab Notebooks/Assignment/flower_photos/tulips/7002703410_3e97b29da5_n.jpg,tulips,4,4,tulips,tulips,True,1.0
/content/gdrive/My Drive/Colab Notebooks/Assignment/flower_photos/tulips/5811022098_2523ca4e82.jpg,tulips,4,2,tulips,roses,False,0.79929775
/content/gdrive/My Drive/Colab Notebooks/Assignment/flower_photos/daisy/14114116486_0bb6649bc1_m.jpg,daisy,0,0,daisy,daisy,True,0.9999577
/content/gdrive/My Drive/Colab Notebooks/Assignment/flower_photos/sunflowers/14814264272_4b39a102f9_n.jpg,sunflowers,3,3,sunflowers,sunflowers,True,0.99999833
/content/gdrive/My Drive/Colab Notebooks/Assignment/flower_photos/sunflowers/45045005_57354ee844.jpg,sunflowers,3,3,sunflowers,sunflowers,True,0.99999714
/content/gdrive/My Drive/Colab Notebooks/Assignment/flower_photos/dandelion/808239968_318722e4db.jpg,dandelion,1,1,dandelion,dandelion,True,0.654012
/content/gdrive/My Drive/Colab Notebooks/Assignment/flower_photos/daisy/5693459303_e61d9a9533.jpg,daisy,0,3,daisy,sunflowers,False,0.36496612
/content/gdrive/My Drive/Colab Notebooks/Assignment/flower_photos/dandelion/13807932364_673b7f1c1c_n.jpg,dandelion,1,1,dandelion,dandelion,True,0.9997749
/content/gdrive/My Drive/Colab Notebooks/Assignment/flower_photos/tulips/8722514702_7ecc68691c.jpg,tulips,4,4,tulips,tulips,True,0.99704415
/content/gdrive/My Drive/Colab Notebooks/Assignment/flower_photos/tulips/16904202259_8f45d045c3_m.jpg,tulips,4,4,tulips,tulips,True,0.9996624
/content/gdrive/My Drive/Colab Notebooks/Assignment/flower_photos/roses/2535495431_e6f950443c.jpg,roses,2,2,roses,roses,True,0.99997425
/content/gdrive/My Drive/Colab Notebooks/Assignment/flower_photos/dandelion/2444241718_3ca53ce921.jpg,dandelion,1,1,dandelion,dandelion,True,0.99999976
/content/gdrive/My Drive/Colab Notebooks/Assignment/flower_photos/tulips/8511683706_4173683d45_m.jpg,tulips,4,4,tulips,tulips,True,0.9998548
/content/gdrive/My Drive/Colab Notebooks/Assignment/flower_photos/dandelion/22196426956_eca94f6faa_m.jpg,dandelion,1,1,dandelion,dandelion,True,0.99594337
/content/gdrive/My Drive/Colab Notebooks/Assignment/flower_photos/sunflowers/4806174512_e04475b766_n.jpg,sunflowers,3,3,sunflowers,sunflowers,True,0.99999857
/content/gdrive/My Drive/Colab Notebooks/Assignment/flower_photos/daisy/6776075110_1ea7a09dd4_n.jpg,daisy,0,0,daisy,daisy,True,0.99999523
/content/gdrive/My Drive/Colab Notebooks/Assignment/flower_photos/roses/921138131_9e1393eb2b_m.jpg,roses,2,2,roses,roses,True,0.9998845
/content/gdrive/My Drive/Colab Notebooks/Assignment/flower_photos/tulips/518256494_368a72db37.jpg,tulips,4,4,tulips,tulips,True,0.99949
/content/gdrive/My Drive/Colab Notebooks/Assignment/flower_photos/daisy/9146733107_98b15d3892_m.jpg,daisy,0,0,daisy,daisy,True,0.9999733
/content/gdrive/My Drive/Colab Notebooks/Assignment/flower_photos/sunflowers/2803725948_5fd1f2fc99_n.jpg,sunflowers,3,3,sunflowers,sunflowers,True,0.9999993
/content/gdrive/My Drive/Colab Notebooks/Assignment/flower_photos/tulips/8520482921_21dd204ebd_n.jpg,tulips,4,4,tulips,tulips,True,0.99996185
/content/gdrive/My Drive/Colab Notebooks/Assignment/flower_photos/tulips/2243427551_809b603992_z.jpg,tulips,4,4,tulips,tulips,True,0.99999464
/content/gdrive/My Drive/Colab Notebooks/Assignment/flower_photos/roses/6347846687_3f0a7c3176.jpg,roses,2,2,roses,roses,True,0.99996734
/content/gdrive/My Drive/Colab Notebooks/Assignment/flower_photos/dandelion/6994938270_bf51d0fe63.jpg,dandelion,1,1,dandelion,dandelion,True,0.9978672
/content/gdrive/My Drive/Colab Notebooks/Assignment/flower_photos/daisy/14621687774_ec52811acd_n.jpg,daisy,0,0,daisy,daisy,True,0.9999218
/content/gdrive/My Drive/Colab Notebooks/Assignment/flower_photos/roses/7211616670_2d49ecb3a5_m.jpg,roses,2,2,roses,roses,True,0.99619067
/content/gdrive/My Drive/Colab Notebooks/Assignment/flower_photos/dandelion/2938040169_eb38581359.jpg,dandelion,1,1,dandelion,dandelion,True,0.99989796
/content/gdrive/My Drive/Colab Notebooks/Assignment/flower_photos/dandelion/3475811950_0fb89845f5_n.jpg,dandelion,1,1,dandelion,dandelion,True,0.99997663
/content/gdrive/My Drive/Colab Notebooks/Assignment/flower_photos/dandelion/2076141453_c63801962a_m.jpg,dandelion,1,1,dandelion,dandelion,True,0.9999999
/content/gdrive/My Drive/Colab Notebooks/Assignment/flower_photos/roses/16670921315_0fc48d7ab2_n.jpg,roses,2,2,roses,roses,True,0.99999917
/content/gdrive/My Drive/Colab Notebooks/Assignment/flower_photos/daisy/11439894966_dca877f0cd.jpg,daisy,0,0,daisy,daisy,True,0.9999902
/content/gdrive/My Drive/Colab Notebooks/Assignment/flower_photos/daisy/1342002397_9503c97b49.jpg,daisy,0,0,daisy,daisy,True,0.9999026
/content/gdrive/My Drive/Colab Notebooks/Assignment/flower_photos/tulips/13910544560_9140dd547e.jpg,tulips,4,4,tulips,tulips,True,0.99988663
/content/gdrive/My Drive/Colab Notebooks/Assignment/flower_photos/dandelion/2462379970_6bd5560f4c_m.jpg,dandelion,1,1,dandelion,dandelion,True,0.63915586
/content/gdrive/My Drive/Colab Notebooks/Assignment/flower_photos/tulips/16471277547_a0a5509377_n.jpg,tulips,4,4,tulips,tulips,True,0.9999944
/content/gdrive/My Drive/Colab Notebooks/Assignment/flower_photos/tulips/4591323356_030d8b6967_m.jpg,tulips,4,4,tulips,tulips,True,0.9999119
/content/gdrive/My Drive/Colab Notebooks/Assignment/flower_photos/daisy/512477177_d9004cbcf1_n.jpg,daisy,0,0,daisy,daisy,True,0.9988636
/content/gdrive/My Drive/Colab Notebooks/Assignment/flower_photos/dandelion/7401173270_ebaf04c9b0_n.jpg,dandelion,1,1,dandelion,dandelion,True,0.93454117
/content/gdrive/My Drive/Colab Notebooks/Assignment/flower_photos/dandelion/18215579866_94b1732f24.jpg,dandelion,1,1,dandelion,dandelion,True,0.9986142
/content/gdrive/My Drive/Colab Notebooks/Assignment/flower_photos/sunflowers/9483429732_5ae73eb672_n.jpg,sunflowers,3,3,sunflowers,sunflowers,True,0.9999919
/content/gdrive/My Drive/Colab Notebooks/Assignment/flower_photos/roses/9433167170_fa056d3175.jpg,roses,2,2,roses,roses,True,0.9991812
/content/gdrive/My Drive/Colab Notebooks/Assignment/flower_photos/dandelion/9301891790_971dcfb35d_m.jpg,dandelion,1,1,dandelion,dandelion,True,0.9999857
/content/gdrive/My Drive/Colab Notebooks/Assignment/flower_photos/tulips/4520582070_d14a14f038.jpg,tulips,4,4,tulips,tulips,True,0.9983992
/content/gdrive/My Drive/Colab Notebooks/Assignment/flower_photos/dandelion/8475758_4c861ab268_m.jpg,dandelion,1,1,dandelion,dandelion,True,0.9976236
/content/gdrive/My Drive/Colab Notebooks/Assignment/flower_photos/sunflowers/23894449029_bf0f34d35d_n.jpg,sunflowers,3,3,sunflowers,sunflowers,True,0.9956417
/content/gdrive/My Drive/Colab Notebooks/Assignment/flower_photos/sunflowers/9538283930_0faea083bb_n.jpg,sunflowers,3,3,sunflowers,sunflowers,True,0.46987122
/content/gdrive/My Drive/Colab Notebooks/Assignment/flower_photos/dandelion/6044710875_0459796d1b_m.jpg,dandelion,1,1,dandelion,dandelion,True,0.9999417
/content/gdrive/My Drive/Colab Notebooks/Assignment/flower_photos/daisy/3661613900_b15ca1d35d_m.jpg,daisy,0,0,daisy,daisy,True,1.0
/content/gdrive/My Drive/Colab Notebooks/Assignment/flower_photos/tulips/13510068773_c925c5517c.jpg,tulips,4,4,tulips,tulips,True,0.9986714
/content/gdrive/My Drive/Colab Notebooks/Assignment/flower_photos/sunflowers/22405882322_d4561f8469_n.jpg,sunflowers,3,3,sunflowers,sunflowers,True,0.9955734
/content/gdrive/My Drive/Colab Notebooks/Assignment/flower_photos/sunflowers/13096076565_72c2c60875_n.jpg,sunflowers,3,3,sunflowers,sunflowers,True,0.9990706
/content/gdrive/My Drive/Colab Notebooks/Assignment/flower_photos/tulips/13472141763_f2517e7f0d.jpg,tulips,4,4,tulips,tulips,True,0.50120586
/content/gdrive/My Drive/Colab Notebooks/Assignment/flower_photos/sunflowers/14932787983_d6e05f2434_m.jpg,sunflowers,3,3,sunflowers,sunflowers,True,0.99999726
/content/gdrive/My Drive/Colab Notebooks/Assignment/flower_photos/sunflowers/18766965343_9f42d4bedc_m.jpg,sunflowers,3,3,sunflowers,sunflowers,True,0.9961094
/content/gdrive/My Drive/Colab Notebooks/Assignment/flower_photos/daisy/521762040_f26f2e08dd.jpg,daisy,0,0,daisy,daisy,True,0.99992585
/content/gdrive/My Drive/Colab Notebooks/Assignment/flower_photos/roses/14154164774_3b39d36778.jpg,roses,2,2,roses,roses,True,0.9675355
/content/gdrive/My Drive/Colab Notebooks/Assignment/flower_photos/dandelion/18276105805_d31d3f7e71.jpg,dandelion,1,1,dandelion,dandelion,True,0.9999976
/content/gdrive/My Drive/Colab Notebooks/Assignment/flower_photos/tulips/5524946579_307dc74476.jpg,tulips,4,4,tulips,tulips,True,0.6362874
/content/gdrive/My Drive/Colab Notebooks/Assignment/flower_photos/sunflowers/184683023_737fec5b18.jpg,sunflowers,3,3,sunflowers,sunflowers,True,1.0
/content/gdrive/My Drive/Colab Notebooks/Assignment/flower_photos/roses/8642943283_47e44d049d_m.jpg,roses,2,2,roses,roses,True,0.99997926
/content/gdrive/My Drive/Colab Notebooks/Assignment/flower_photos/tulips/14171673854_1208c19be3_m.jpg,tulips,4,4,tulips,tulips,True,0.9999839
/content/gdrive/My Drive/Colab Notebooks/Assignment/flower_photos/daisy/5632774792_0fa33d17eb_n.jpg,daisy,0,0,daisy,daisy,True,0.99971
/content/gdrive/My Drive/Colab Notebooks/Assignment/flower_photos/roses/326541992_d542103ca8_n.jpg,roses,2,2,roses,roses,True,0.52153474
/content/gdrive/My Drive/Colab Notebooks/Assignment/flower_photos/roses/5249439791_196b4e7fc7.jpg,roses,2,2,roses,roses,True,0.9983937
/content/gdrive/My Drive/Colab Notebooks/Assignment/flower_photos/dandelion/18687587599_3dd4fdf255.jpg,dandelion,1,1,dandelion,dandelion,True,0.99994886
/content/gdrive/My Drive/Colab Notebooks/Assignment/flower_photos/roses/1485142251_ca89254442.jpg,roses,2,2,roses,roses,True,0.99997246
/content/gdrive/My Drive/Colab Notebooks/Assignment/flower_photos/daisy/9244082319_b1f7e2d8b0_n.jpg,daisy,0,0,daisy,daisy,True,0.69046396
/content/gdrive/My Drive/Colab Notebooks/Assignment/flower_photos/dandelion/4607183665_3472643bc8.jpg,dandelion,1,1,dandelion,dandelion,True,0.9606407
/content/gdrive/My Drive/Colab Notebooks/Assignment/flower_photos/tulips/8717900362_2aa508e9e5.jpg,tulips,4,4,tulips,tulips,True,0.99998236
/content/gdrive/My Drive/Colab Notebooks/Assignment/flower_photos/dandelion/15549402199_2890918ddb.jpg,dandelion,1,1,dandelion,dandelion,True,0.99341995
/content/gdrive/My Drive/Colab Notebooks/Assignment/flower_photos/dandelion/6985099958_5249a4688b.jpg,dandelion,1,1,dandelion,dandelion,True,0.9999988
/content/gdrive/My Drive/Colab Notebooks/Assignment/flower_photos/dandelion/340190928_d77bf4d615.jpg,dandelion,1,1,dandelion,dandelion,True,0.9997626
/content/gdrive/My Drive/Colab Notebooks/Assignment/flower_photos/roses/8394286483_69fe04cc7f.jpg,roses,2,2,roses,roses,True,0.99706215
/content/gdrive/My Drive/Colab Notebooks/Assignment/flower_photos/roses/8742493689_fb852f0228_n.jpg,roses,2,2,roses,roses,True,0.9999919
/content/gdrive/My Drive/Colab Notebooks/Assignment/flower_photos/dandelion/2635422362_a1bf641547_m.jpg,dandelion,1,1,dandelion,dandelion,True,1.0
/content/gdrive/My Drive/Colab Notebooks/Assignment/flower_photos/daisy/517054467_d82d323c33_m.jpg,daisy,0,4,daisy,tulips,False,0.66288984
/content/gdrive/My Drive/Colab Notebooks/Assignment/flower_photos/daisy/14485782498_fb342ec301.jpg,daisy,0,0,daisy,daisy,True,0.999892
/content/gdrive/My Drive/Colab Notebooks/Assignment/flower_photos/tulips/8554190977_37ac747799_m.jpg,tulips,4,4,tulips,tulips,True,0.9747174
/content/gdrive/My Drive/Colab Notebooks/Assignment/flower_photos/daisy/5876455546_32049e5585.jpg,daisy,0,0,daisy,daisy,True,0.9999591
/content/gdrive/My Drive/Colab Notebooks/Assignment/flower_photos/roses/3026375835_a20ecdd140_m.jpg,roses,2,2,roses,roses,True,0.9999981
/content/gdrive/My Drive/Colab Notebooks/Assignment/flower_photos/roses/180613732_3a7aba0b80_n.jpg,roses,2,2,roses,roses,True,0.89395434
/content/gdrive/My Drive/Colab Notebooks/Assignment/flower_photos/roses/4648680921_80dfc4f12a.jpg,roses,2,2,roses,roses,True,0.9982498
/content/gdrive/My Drive/Colab Notebooks/Assignment/flower_photos/tulips/5012813078_99fb977616_n.jpg,tulips,4,4,tulips,tulips,True,0.99982435
/content/gdrive/My Drive/Colab Notebooks/Assignment/flower_photos/dandelion/5875763050_82f32f2eed_m.jpg,dandelion,1,1,dandelion,dandelion,True,0.9999999
/content/gdrive/My Drive/Colab Notebooks/Assignment/flower_photos/dandelion/16096748028_7876887ab2.jpg,dandelion,1,1,dandelion,dandelion,True,0.99570966
/content/gdrive/My Drive/Colab Notebooks/Assignment/flower_photos/dandelion/5607256228_2294c201b3.jpg,dandelion,1,1,dandelion,dandelion,True,0.99994564
/content/gdrive/My Drive/Colab Notebooks/Assignment/flower_photos/roses/15312360171_57bde98799_n.jpg,roses,2,2,roses,roses,True,0.92027736
/content/gdrive/My Drive/Colab Notebooks/Assignment/flower_photos/dandelion/4669815582_0a994fb4fd_m.jpg,dandelion,1,1,dandelion,dandelion,True,0.9999825
/content/gdrive/My Drive/Colab Notebooks/Assignment/flower_photos/roses/16961613890_695b36aab2_m.jpg,roses,2,2,roses,roses,True,0.99998474
/content/gdrive/My Drive/Colab Notebooks/Assignment/flower_photos/sunflowers/1880606744_23e3dc4f6b_n.jpg,sunflowers,3,3,sunflowers,sunflowers,True,0.9870683
/content/gdrive/My Drive/Colab Notebooks/Assignment/flower_photos/daisy/2538504987_fe524b92a8_n.jpg,daisy,0,0,daisy,daisy,True,0.99977404
/content/gdrive/My Drive/Colab Notebooks/Assignment/flower_photos/daisy/5700781400_65761f3fce.jpg,daisy,0,0,daisy,daisy,True,0.9943644
/content/gdrive/My Drive/Colab Notebooks/Assignment/flower_photos/sunflowers/5069564563_ae03792c3c_m.jpg,sunflowers,3,3,sunflowers,sunflowers,True,0.99520797
/content/gdrive/My Drive/Colab Notebooks/Assignment/flower_photos/dandelion/4560663938_3557a1f831.jpg,dandelion,1,1,dandelion,dandelion,True,0.99965394
/content/gdrive/My Drive/Colab Notebooks/Assignment/flower_photos/roses/19988406792_68201f76e3_n.jpg,roses,2,2,roses,roses,True,0.99997723
/content/gdrive/My Drive/Colab Notebooks/Assignment/flower_photos/sunflowers/4933824130_b99839a80d.jpg,sunflowers,3,3,sunflowers,sunflowers,True,0.9989293
/content/gdrive/My Drive/Colab Notebooks/Assignment/flower_photos/dandelion/19526570282_1d1e71b0f3_m.jpg,dandelion,1,1,dandelion,dandelion,True,1.0
/content/gdrive/My Drive/Colab Notebooks/Assignment/flower_photos/tulips/7166570828_7c26ca5766_n.jpg,tulips,4,2,tulips,roses,False,0.761556
/content/gdrive/My Drive/Colab Notebooks/Assignment/flower_photos/tulips/7003964080_4566470798_n.jpg,tulips,4,2,tulips,roses,False,0.9952533
/content/gdrive/My Drive/Colab Notebooks/Assignment/flower_photos/sunflowers/4414084638_03d2db38ae.jpg,sunflowers,3,3,sunflowers,sunflowers,True,0.9999608
/content/gdrive/My Drive/Colab Notebooks/Assignment/flower_photos/dandelion/14058811536_f29cd7bd58_n.jpg,dandelion,1,1,dandelion,dandelion,True,1.0
/content/gdrive/My Drive/Colab Notebooks/Assignment/flower_photos/tulips/16283125269_4cfae953f1.jpg,tulips,4,4,tulips,tulips,True,0.99999976
/content/gdrive/My Drive/Colab Notebooks/Assignment/flower_photos/daisy/3758221664_b19116d61f.jpg,daisy,0,0,daisy,daisy,True,1.0
/content/gdrive/My Drive/Colab Notebooks/Assignment/flower_photos/dandelion/14292205986_da230467ef.jpg,dandelion,1,1,dandelion,dandelion,True,0.99890625
/content/gdrive/My Drive/Colab Notebooks/Assignment/flower_photos/roses/16339359979_6d742660b8_n.jpg,roses,2,2,roses,roses,True,0.9999999
/content/gdrive/My Drive/Colab Notebooks/Assignment/flower_photos/dandelion/16953818045_fea21c8bf8.jpg,dandelion,1,1,dandelion,dandelion,True,0.99999475
/content/gdrive/My Drive/Colab Notebooks/Assignment/flower_photos/tulips/6948277038_89d7ff42e2_m.jpg,tulips,4,4,tulips,tulips,True,0.99153495
/content/gdrive/My Drive/Colab Notebooks/Assignment/flower_photos/roses/17040847367_b54d05bf52.jpg,roses,2,4,roses,tulips,False,0.9832545
/content/gdrive/My Drive/Colab Notebooks/Assignment/flower_photos/daisy/8085329197_41d53a21e2_n.jpg,daisy,0,0,daisy,daisy,True,0.99999833
/content/gdrive/My Drive/Colab Notebooks/Assignment/flower_photos/tulips/14093907931_dd8f642574.jpg,tulips,4,4,tulips,tulips,True,0.9999999
/content/gdrive/My Drive/Colab Notebooks/Assignment/flower_photos/tulips/3105702091_f02ce75226.jpg,tulips,4,2,tulips,roses,False,0.6761744
/content/gdrive/My Drive/Colab Notebooks/Assignment/flower_photos/tulips/112334842_3ecf7585dd.jpg,tulips,4,4,tulips,tulips,True,0.9901652
/content/gdrive/My Drive/Colab Notebooks/Assignment/flower_photos/sunflowers/4042816698_578a1d599e.jpg,sunflowers,3,3,sunflowers,sunflowers,True,0.9999949
/content/gdrive/My Drive/Colab Notebooks/Assignment/flower_photos/roses/15802657001_40fe77c030_m.jpg,roses,2,2,roses,roses,True,0.9991032
/content/gdrive/My Drive/Colab Notebooks/Assignment/flower_photos/roses/3742168238_d961937e68_n.jpg,roses,2,2,roses,roses,True,0.9999826
/content/gdrive/My Drive/Colab Notebooks/Assignment/flower_photos/sunflowers/2996573407_5e473b9359.jpg,sunflowers,3,3,sunflowers,sunflowers,True,0.9987595
/content/gdrive/My Drive/Colab Notebooks/Assignment/flower_photos/sunflowers/6198569425_e953b9e6cc_m.jpg,sunflowers,3,3,sunflowers,sunflowers,True,0.9999945
/content/gdrive/My Drive/Colab Notebooks/Assignment/flower_photos/sunflowers/39271782_b4335d09ae_n.jpg,sunflowers,3,3,sunflowers,sunflowers,True,0.9972326
/content/gdrive/My Drive/Colab Notebooks/Assignment/flower_photos/sunflowers/9445830851_e9a126fd1d_n.jpg,sunflowers,3,3,sunflowers,sunflowers,True,0.98919886
/content/gdrive/My Drive/Colab Notebooks/Assignment/flower_photos/sunflowers/4932736308_827012cff2.jpg,sunflowers,3,3,sunflowers,sunflowers,True,0.99977
/content/gdrive/My Drive/Colab Notebooks/Assignment/flower_photos/roses/4356781875_92c5cd93c0.jpg,roses,2,2,roses,roses,True,0.999861
/content/gdrive/My Drive/Colab Notebooks/Assignment/flower_photos/dandelion/2465442759_d4532a57a3.jpg,dandelion,1,4,dandelion,tulips,False,0.96672565
/content/gdrive/My Drive/Colab Notebooks/Assignment/flower_photos/tulips/8713397694_bcbcbba2c2_n.jpg,tulips,4,4,tulips,tulips,True,0.9999988
/content/gdrive/My Drive/Colab Notebooks/Assignment/flower_photos/roses/6363976189_e7155e5f9c.jpg,roses,2,2,roses,roses,True,0.9999931
/content/gdrive/My Drive/Colab Notebooks/Assignment/flower_photos/sunflowers/15081164641_45a7b92b3a_m.jpg,sunflowers,3,3,sunflowers,sunflowers,True,0.9999876
/content/gdrive/My Drive/Colab Notebooks/Assignment/flower_photos/tulips/7166635566_ee240b5408_n.jpg,tulips,4,4,tulips,tulips,True,0.99322695
/content/gdrive/My Drive/Colab Notebooks/Assignment/flower_photos/daisy/2408024540_37f0be7cc0_n.jpg,daisy,0,0,daisy,daisy,True,0.9999993
/content/gdrive/My Drive/Colab Notebooks/Assignment/flower_photos/daisy/5673728_71b8cb57eb.jpg,daisy,0,1,daisy,dandelion,False,0.6792327
/content/gdrive/My Drive/Colab Notebooks/Assignment/flower_photos/roses/3663244576_97f595cf4a.jpg,roses,2,2,roses,roses,True,0.99999213
/content/gdrive/My Drive/Colab Notebooks/Assignment/flower_photos/sunflowers/22405887122_75eda1872f_m.jpg,sunflowers,3,3,sunflowers,sunflowers,True,0.9999875
/content/gdrive/My Drive/Colab Notebooks/Assignment/flower_photos/roses/3115889021_053f3b8e5a.jpg,roses,2,2,roses,roses,True,0.9999982
/content/gdrive/My Drive/Colab Notebooks/Assignment/flower_photos/dandelion/14283011_3e7452c5b2_n.jpg,dandelion,1,1,dandelion,dandelion,True,0.9999653
/content/gdrive/My Drive/Colab Notebooks/Assignment/flower_photos/roses/18220342690_f1c20134bd.jpg,roses,2,3,roses,sunflowers,False,0.74405164
/content/gdrive/My Drive/Colab Notebooks/Assignment/flower_photos/dandelion/458011386_ec89115a19.jpg,dandelion,1,1,dandelion,dandelion,True,0.9146864
/content/gdrive/My Drive/Colab Notebooks/Assignment/flower_photos/tulips/14053292975_fdc1093571_n.jpg,tulips,4,4,tulips,tulips,True,0.9998448
/content/gdrive/My Drive/Colab Notebooks/Assignment/flower_photos/roses/898102603_2d5152f09a.jpg,roses,2,2,roses,roses,True,0.972845
/content/gdrive/My Drive/Colab Notebooks/Assignment/flower_photos/sunflowers/4019748730_ee09b39a43.jpg,sunflowers,3,3,sunflowers,sunflowers,True,0.9999912
/content/gdrive/My Drive/Colab Notebooks/Assignment/flower_photos/daisy/8619103877_d8c82c5f34_n.jpg,daisy,0,0,daisy,daisy,True,0.99999917
/content/gdrive/My Drive/Colab Notebooks/Assignment/flower_photos/tulips/14866400927_3a59899df3_m.jpg,tulips,4,4,tulips,tulips,True,0.99988616
/content/gdrive/My Drive/Colab Notebooks/Assignment/flower_photos/tulips/13910719110_1b21d1fc81.jpg,tulips,4,4,tulips,tulips,True,0.9998778
/content/gdrive/My Drive/Colab Notebooks/Assignment/flower_photos/roses/21413573151_e681c6a97a.jpg,roses,2,4,roses,tulips,False,0.99338526
/content/gdrive/My Drive/Colab Notebooks/Assignment/flower_photos/dandelion/17220096449_0e535989f0_n.jpg,dandelion,1,1,dandelion,dandelion,True,0.9998964
/content/gdrive/My Drive/Colab Notebooks/Assignment/flower_photos/dandelion/4606893762_c2f26c7e91_n.jpg,dandelion,1,1,dandelion,dandelion,True,0.9999987
/content/gdrive/My Drive/Colab Notebooks/Assignment/flower_photos/dandelion/18342918441_b1bb69a2fd_n.jpg,dandelion,1,1,dandelion,dandelion,True,0.9987925
/content/gdrive/My Drive/Colab Notebooks/Assignment/flower_photos/tulips/16282277874_b92776b194.jpg,tulips,4,4,tulips,tulips,True,0.99999726
/content/gdrive/My Drive/Colab Notebooks/Assignment/flower_photos/dandelion/7355522_b66e5d3078_m.jpg,dandelion,1,1,dandelion,dandelion,True,0.9838616
/content/gdrive/My Drive/Colab Notebooks/Assignment/flower_photos/daisy/4858518329_7563eb0baa_m.jpg,daisy,0,0,daisy,daisy,True,0.99875534
/content/gdrive/My Drive/Colab Notebooks/Assignment/flower_photos/dandelion/17388697431_0d84c427d1_n.jpg,dandelion,1,1,dandelion,dandelion,True,0.99984634
/content/gdrive/My Drive/Colab Notebooks/Assignment/flower_photos/daisy/16161045294_70c76ce846_n.jpg,daisy,0,0,daisy,daisy,True,1.0
/content/gdrive/My Drive/Colab Notebooks/Assignment/flower_photos/roses/2409069862_b128ee2a71.jpg,roses,2,2,roses,roses,True,0.99998283
/content/gdrive/My Drive/Colab Notebooks/Assignment/flower_photos/tulips/8712269349_2b933da2b8_n.jpg,tulips,4,4,tulips,tulips,True,1.0
/content/gdrive/My Drive/Colab Notebooks/Assignment/flower_photos/dandelion/14021281124_89cc388eac_n.jpg,dandelion,1,1,dandelion,dandelion,True,0.99999964
/content/gdrive/My Drive/Colab Notebooks/Assignment/flower_photos/dandelion/8980266062_8387f6cc89.jpg,dandelion,1,1,dandelion,dandelion,True,0.99997497
/content/gdrive/My Drive/Colab Notebooks/Assignment/flower_photos/sunflowers/4933229889_c5d9e36392.jpg,sunflowers,3,3,sunflowers,sunflowers,True,0.9999875
/content/gdrive/My Drive/Colab Notebooks/Assignment/flower_photos/dandelion/130733200_fbe28eea19.jpg,dandelion,1,1,dandelion,dandelion,True,0.9999999
/content/gdrive/My Drive/Colab Notebooks/Assignment/flower_photos/tulips/130684941_d1abfa3be6_m.jpg,tulips,4,0,tulips,daisy,False,0.60740435
/content/gdrive/My Drive/Colab Notebooks/Assignment/flower_photos/daisy/3326037909_b5ae370722_n.jpg,daisy,0,0,daisy,daisy,True,0.99973553
/content/gdrive/My Drive/Colab Notebooks/Assignment/flower_photos/sunflowers/2979297519_17a08b37f6_m.jpg,sunflowers,3,3,sunflowers,sunflowers,True,0.9999813
/content/gdrive/My Drive/Colab Notebooks/Assignment/flower_photos/sunflowers/3838274225_36010c6254_n.jpg,sunflowers,3,3,sunflowers,sunflowers,True,0.9987858
/content/gdrive/My Drive/Colab Notebooks/Assignment/flower_photos/dandelion/4510350093_3700064215.jpg,dandelion,1,1,dandelion,dandelion,True,0.9999645
/content/gdrive/My Drive/Colab Notebooks/Assignment/flower_photos/daisy/4820415253_15bc3b6833_n.jpg,daisy,0,0,daisy,daisy,True,0.99947983
/content/gdrive/My Drive/Colab Notebooks/Assignment/flower_photos/roses/410425647_4586667858.jpg,roses,2,2,roses,roses,True,0.99999964
/content/gdrive/My Drive/Colab Notebooks/Assignment/flower_photos/tulips/13513846963_c3d5e9fb1d_n.jpg,tulips,4,4,tulips,tulips,True,0.93847734
/content/gdrive/My Drive/Colab Notebooks/Assignment/flower_photos/dandelion/8058286066_acdf082487_n.jpg,dandelion,1,1,dandelion,dandelion,True,0.99999976
/content/gdrive/My Drive/Colab Notebooks/Assignment/flower_photos/dandelion/17147436650_c94ae24004_n.jpg,dandelion,1,1,dandelion,dandelion,True,0.99999726
/content/gdrive/My Drive/Colab Notebooks/Assignment/flower_photos/daisy/14591326135_930703dbed_m.jpg,daisy,0,0,daisy,daisy,True,0.9999968
/content/gdrive/My Drive/Colab Notebooks/Assignment/flower_photos/roses/3264570182_c7ded528ba_m.jpg,roses,2,2,roses,roses,True,0.9999993
/content/gdrive/My Drive/Colab Notebooks/Assignment/flower_photos/roses/6879112993_5a29208438_n.jpg,roses,2,2,roses,roses,True,0.99348986
/content/gdrive/My Drive/Colab Notebooks/Assignment/flower_photos/tulips/7806320016_fcddfc1f8f_n.jpg,tulips,4,4,tulips,tulips,True,0.9768147
/content/gdrive/My Drive/Colab Notebooks/Assignment/flower_photos/dandelion/14375349004_68d893254a_n.jpg,dandelion,1,1,dandelion,dandelion,True,0.99999726
/content/gdrive/My Drive/Colab Notebooks/Assignment/flower_photos/tulips/4578030672_e6aefd45af.jpg,tulips,4,4,tulips,tulips,True,0.9999944
/content/gdrive/My Drive/Colab Notebooks/Assignment/flower_photos/dandelion/8739657154_6db14796c9.jpg,dandelion,1,1,dandelion,dandelion,True,0.9999957
/content/gdrive/My Drive/Colab Notebooks/Assignment/flower_photos/dandelion/141340262_ca2e576490.jpg,dandelion,1,1,dandelion,dandelion,True,0.9877713
/content/gdrive/My Drive/Colab Notebooks/Assignment/flower_photos/dandelion/4574737576_044403a997_n.jpg,dandelion,1,1,dandelion,dandelion,True,0.9999969
/content/gdrive/My Drive/Colab Notebooks/Assignment/flower_photos/roses/5182167964_9d1a0be0b8_n.jpg,roses,2,2,roses,roses,True,0.93984
/content/gdrive/My Drive/Colab Notebooks/Assignment/flower_photos/daisy/14219214466_3ca6104eae_m.jpg,daisy,0,0,daisy,daisy,True,0.9999987
/content/gdrive/My Drive/Colab Notebooks/Assignment/flower_photos/tulips/14084749296_6143c74c72_m.jpg,tulips,4,4,tulips,tulips,True,0.9999883
/content/gdrive/My Drive/Colab Notebooks/Assignment/flower_photos/sunflowers/8929274876_17efc1774a_n.jpg,sunflowers,3,3,sunflowers,sunflowers,True,0.9999962
/content/gdrive/My Drive/Colab Notebooks/Assignment/flower_photos/roses/2065522422_cfdd80044a_n.jpg,roses,2,2,roses,roses,True,0.9999558
/content/gdrive/My Drive/Colab Notebooks/Assignment/flower_photos/sunflowers/8368015811_2893411cf7_n.jpg,sunflowers,3,3,sunflowers,sunflowers,True,0.9936126
/content/gdrive/My Drive/Colab Notebooks/Assignment/flower_photos/daisy/10994032453_ac7f8d9e2e.jpg,daisy,0,1,daisy,dandelion,False,0.99997723
/content/gdrive/My Drive/Colab Notebooks/Assignment/flower_photos/tulips/14671196461_b725727229_m.jpg,tulips,4,4,tulips,tulips,True,0.9719642
/content/gdrive/My Drive/Colab Notebooks/Assignment/flower_photos/daisy/10172636503_21bededa75_n.jpg,daisy,0,0,daisy,daisy,True,0.7434429
/content/gdrive/My Drive/Colab Notebooks/Assignment/flower_photos/tulips/113960470_38fab8f2fb_m.jpg,tulips,4,4,tulips,tulips,True,0.9588058
/content/gdrive/My Drive/Colab Notebooks/Assignment/flower_photos/daisy/3639009391_0f910681b7.jpg,daisy,0,0,daisy,daisy,True,0.9270808
/content/gdrive/My Drive/Colab Notebooks/Assignment/flower_photos/dandelion/10919961_0af657c4e8.jpg,dandelion,1,1,dandelion,dandelion,True,0.99999785
/content/gdrive/My Drive/Colab Notebooks/Assignment/flower_photos/roses/4093390305_4010c736c9.jpg,roses,2,2,roses,roses,True,0.9708501
/content/gdrive/My Drive/Colab Notebooks/Assignment/flower_photos/dandelion/284497199_93a01f48f6.jpg,dandelion,1,1,dandelion,dandelion,True,0.99903154
/content/gdrive/My Drive/Colab Notebooks/Assignment/flower_photos/daisy/5948835387_5a98d39eff_m.jpg,daisy,0,0,daisy,daisy,True,0.9999937
/content/gdrive/My Drive/Colab Notebooks/Assignment/flower_photos/tulips/13976206001_fd1c2cbd60.jpg,tulips,4,4,tulips,tulips,True,0.9947706
/content/gdrive/My Drive/Colab Notebooks/Assignment/flower_photos/roses/5061135742_2870a7b691_n.jpg,roses,2,2,roses,roses,True,0.99961334
/content/gdrive/My Drive/Colab Notebooks/Assignment/flower_photos/tulips/2481015475_b71a12917d.jpg,tulips,4,4,tulips,tulips,True,0.7573062
/content/gdrive/My Drive/Colab Notebooks/Assignment/flower_photos/sunflowers/6627521877_6e43fb3c49_m.jpg,sunflowers,3,3,sunflowers,sunflowers,True,0.9999994
/content/gdrive/My Drive/Colab Notebooks/Assignment/flower_photos/tulips/5388013398_09a8a0f166_m.jpg,tulips,4,4,tulips,tulips,True,0.9198115
/content/gdrive/My Drive/Colab Notebooks/Assignment/flower_photos/roses/6241886381_cc722785af.jpg,roses,2,2,roses,roses,True,0.5098744
/content/gdrive/My Drive/Colab Notebooks/Assignment/flower_photos/dandelion/18587334446_ef1021909b_n.jpg,dandelion,1,1,dandelion,dandelion,True,0.999982
/content/gdrive/My Drive/Colab Notebooks/Assignment/flower_photos/sunflowers/16832961488_5f7e70eb5e_n.jpg,sunflowers,3,3,sunflowers,sunflowers,True,0.95245385
/content/gdrive/My Drive/Colab Notebooks/Assignment/flower_photos/tulips/15452909878_0c4941f729_m.jpg,tulips,4,4,tulips,tulips,True,0.9995566
/content/gdrive/My Drive/Colab Notebooks/Assignment/flower_photos/roses/5332550500_ab341aefd8.jpg,roses,2,2,roses,roses,True,0.9909121
/content/gdrive/My Drive/Colab Notebooks/Assignment/flower_photos/sunflowers/40410814_fba3837226_n.jpg,sunflowers,3,3,sunflowers,sunflowers,True,0.9999981
/content/gdrive/My Drive/Colab Notebooks/Assignment/flower_photos/dandelion/8979062599_86cac547b8.jpg,dandelion,1,1,dandelion,dandelion,True,0.999907
/content/gdrive/My Drive/Colab Notebooks/Assignment/flower_photos/sunflowers/9699724719_a8439cc0fd_n.jpg,sunflowers,3,3,sunflowers,sunflowers,True,0.99999535
/content/gdrive/My Drive/Colab Notebooks/Assignment/flower_photos/roses/6347846935_51e3dc2481_n.jpg,roses,2,2,roses,roses,True,0.9997391
/content/gdrive/My Drive/Colab Notebooks/Assignment/flower_photos/dandelion/4622115595_a0de9f2013_n.jpg,dandelion,1,1,dandelion,dandelion,True,0.9999989
/content/gdrive/My Drive/Colab Notebooks/Assignment/flower_photos/sunflowers/265450085_6e9f276e2e.jpg,sunflowers,3,3,sunflowers,sunflowers,True,0.99991965
/content/gdrive/My Drive/Colab Notebooks/Assignment/flower_photos/dandelion/10294487385_92a0676c7d_m.jpg,dandelion,1,1,dandelion,dandelion,True,0.99436706
/content/gdrive/My Drive/Colab Notebooks/Assignment/flower_photos/tulips/137126311_debe64c6a8_n.jpg,tulips,4,4,tulips,tulips,True,0.98588073
/content/gdrive/My Drive/Colab Notebooks/Assignment/flower_photos/daisy/5602738326_97121e007d_n.jpg,daisy,0,0,daisy,daisy,True,0.99999976
/content/gdrive/My Drive/Colab Notebooks/Assignment/flower_photos/tulips/8713407768_f880df361f.jpg,tulips,4,4,tulips,tulips,True,1.0
/content/gdrive/My Drive/Colab Notebooks/Assignment/flower_photos/tulips/12163418275_bd6a1edd61.jpg,tulips,4,4,tulips,tulips,True,1.0
/content/gdrive/My Drive/Colab Notebooks/Assignment/flower_photos/dandelion/8681420404_6ae114f036_n.jpg,dandelion,1,1,dandelion,dandelion,True,0.99999857
/content/gdrive/My Drive/Colab Notebooks/Assignment/flower_photos/roses/3621011057_0d03bd171b_n.jpg,roses,2,2,roses,roses,True,0.99997973
/content/gdrive/My Drive/Colab Notebooks/Assignment/flower_photos/sunflowers/14144522269_bc20029375_m.jpg,sunflowers,3,3,sunflowers,sunflowers,True,0.99983156
/content/gdrive/My Drive/Colab Notebooks/Assignment/flower_photos/roses/9633056561_6f1b7e8faf_m.jpg,roses,2,2,roses,roses,True,0.7351633
/content/gdrive/My Drive/Colab Notebooks/Assignment/flower_photos/dandelion/8759118120_9eac064e38_n.jpg,dandelion,1,1,dandelion,dandelion,True,0.99999976
/content/gdrive/My Drive/Colab Notebooks/Assignment/flower_photos/dandelion/19613308325_a67792d889.jpg,dandelion,1,1,dandelion,dandelion,True,0.9999565
/content/gdrive/My Drive/Colab Notebooks/Assignment/flower_photos/dandelion/2516714633_87f28f0314.jpg,dandelion,1,1,dandelion,dandelion,True,0.9999058
/content/gdrive/My Drive/Colab Notebooks/Assignment/flower_photos/tulips/8838347159_746d14e6c1_m.jpg,tulips,4,4,tulips,tulips,True,0.99583876
/content/gdrive/My Drive/Colab Notebooks/Assignment/flower_photos/daisy/4534460263_8e9611db3c_n.jpg,daisy,0,0,daisy,daisy,True,0.93808234
/content/gdrive/My Drive/Colab Notebooks/Assignment/flower_photos/sunflowers/9216286162_6ceefdd1b4_m.jpg,sunflowers,3,3,sunflowers,sunflowers,True,0.9997968
/content/gdrive/My Drive/Colab Notebooks/Assignment/flower_photos/sunflowers/4933229479_c1708bd503.jpg,sunflowers,3,3,sunflowers,sunflowers,True,0.99986196
/content/gdrive/My Drive/Colab Notebooks/Assignment/flower_photos/dandelion/141652526_2be95f21c3_n.jpg,dandelion,1,1,dandelion,dandelion,True,0.9999993
/content/gdrive/My Drive/Colab Notebooks/Assignment/flower_photos/dandelion/14076873230_d0bd53b220.jpg,dandelion,1,1,dandelion,dandelion,True,0.9998149
/content/gdrive/My Drive/Colab Notebooks/Assignment/flower_photos/dandelion/19961979110_fcd8092388_m.jpg,dandelion,1,1,dandelion,dandelion,True,0.999332
/content/gdrive/My Drive/Colab Notebooks/Assignment/flower_photos/dandelion/5744236092_de84b4e38d_n.jpg,dandelion,1,1,dandelion,dandelion,True,0.99999166
/content/gdrive/My Drive/Colab Notebooks/Assignment/flower_photos/daisy/5133243796_44de429de5_m.jpg,daisy,0,0,daisy,daisy,True,1.0
/content/gdrive/My Drive/Colab Notebooks/Assignment/flower_photos/roses/8562144481_1d629848ff.jpg,roses,2,2,roses,roses,True,0.79959273
/content/gdrive/My Drive/Colab Notebooks/Assignment/flower_photos/tulips/14099204939_60e6ffa4c3_n.jpg,tulips,4,4,tulips,tulips,True,0.9998154
/content/gdrive/My Drive/Colab Notebooks/Assignment/flower_photos/dandelion/4691257171_23a29aaa33_n.jpg,dandelion,1,1,dandelion,dandelion,True,0.99998605
/content/gdrive/My Drive/Colab Notebooks/Assignment/flower_photos/daisy/12891819633_e4c82b51e8.jpg,daisy,0,4,daisy,tulips,False,0.4827029
/content/gdrive/My Drive/Colab Notebooks/Assignment/flower_photos/sunflowers/6050020905_881295ac72_n.jpg,sunflowers,3,3,sunflowers,sunflowers,True,0.9998097
/content/gdrive/My Drive/Colab Notebooks/Assignment/flower_photos/tulips/8555123165_2fe57eff4f.jpg,tulips,4,4,tulips,tulips,True,0.9999999
/content/gdrive/My Drive/Colab Notebooks/Assignment/flower_photos/dandelion/15268682367_5a4512b29f_m.jpg,dandelion,1,1,dandelion,dandelion,True,0.98816353
/content/gdrive/My Drive/Colab Notebooks/Assignment/flower_photos/dandelion/9759608055_9ab623d193.jpg,dandelion,1,1,dandelion,dandelion,True,0.99888223
/content/gdrive/My Drive/Colab Notebooks/Assignment/flower_photos/dandelion/8724252904_db9a5104df_m.jpg,dandelion,1,1,dandelion,dandelion,True,0.99993646
/content/gdrive/My Drive/Colab Notebooks/Assignment/flower_photos/tulips/506350421_2ba59e568e_m.jpg,tulips,4,4,tulips,tulips,True,0.999091
/content/gdrive/My Drive/Colab Notebooks/Assignment/flower_photos/daisy/4654579740_6671a53627_m.jpg,daisy,0,0,daisy,daisy,True,0.99998534
/content/gdrive/My Drive/Colab Notebooks/Assignment/flower_photos/roses/8036594516_69a7da5f73_m.jpg,roses,2,2,roses,roses,True,0.9998233
/content/gdrive/My Drive/Colab Notebooks/Assignment/flower_photos/daisy/3285641623_da0e47f49a.jpg,daisy,0,0,daisy,daisy,True,0.99999917
/content/gdrive/My Drive/Colab Notebooks/Assignment/flower_photos/dandelion/2634665077_597910235f_m.jpg,dandelion,1,1,dandelion,dandelion,True,0.99690264
/content/gdrive/My Drive/Colab Notebooks/Assignment/flower_photos/tulips/14487712670_aebe715525_m.jpg,tulips,4,4,tulips,tulips,True,0.98372364
/content/gdrive/My Drive/Colab Notebooks/Assignment/flower_photos/sunflowers/2443095419_17b920d155_m.jpg,sunflowers,3,3,sunflowers,sunflowers,True,0.9998807
/content/gdrive/My Drive/Colab Notebooks/Assignment/flower_photos/daisy/2713919471_301fcc941f.jpg,daisy,0,0,daisy,daisy,True,0.99997604
/content/gdrive/My Drive/Colab Notebooks/Assignment/flower_photos/tulips/16862351376_f0fcc6fc91_n.jpg,tulips,4,4,tulips,tulips,True,1.0
/content/gdrive/My Drive/Colab Notebooks/Assignment/flower_photos/daisy/18635898912_eb8e058ef0.jpg,daisy,0,0,daisy,daisy,True,0.98899263
/content/gdrive/My Drive/Colab Notebooks/Assignment/flower_photos/daisy/2351206867_084e57bd97.jpg,daisy,0,0,daisy,daisy,True,0.9998282
/content/gdrive/My Drive/Colab Notebooks/Assignment/flower_photos/dandelion/9011235009_58c7b244c1_n.jpg,dandelion,1,1,dandelion,dandelion,True,0.99994457
/content/gdrive/My Drive/Colab Notebooks/Assignment/flower_photos/tulips/14067761295_7cfe6a42e9.jpg,tulips,4,4,tulips,tulips,True,0.9999993
/content/gdrive/My Drive/Colab Notebooks/Assignment/flower_photos/roses/272481307_1eb47ba3e0_n.jpg,roses,2,2,roses,roses,True,0.99999964
/content/gdrive/My Drive/Colab Notebooks/Assignment/flower_photos/sunflowers/274846229_990e976683_n.jpg,sunflowers,3,3,sunflowers,sunflowers,True,0.99999464
/content/gdrive/My Drive/Colab Notebooks/Assignment/flower_photos/dandelion/2780702427_312333ef33.jpg,dandelion,1,1,dandelion,dandelion,True,0.99999344
/content/gdrive/My Drive/Colab Notebooks/Assignment/flower_photos/roses/5731750490_ba3325b7ee_n.jpg,roses,2,2,roses,roses,True,0.9996209
/content/gdrive/My Drive/Colab Notebooks/Assignment/flower_photos/dandelion/13942846777_5571a6b0a1_n.jpg,dandelion,1,1,dandelion,dandelion,True,0.99998915
/content/gdrive/My Drive/Colab Notebooks/Assignment/flower_photos/roses/18599603859_f2ec616ddf_n.jpg,roses,2,2,roses,roses,True,0.8929912
/content/gdrive/My Drive/Colab Notebooks/Assignment/flower_photos/daisy/1314069875_da8dc023c6_m.jpg,daisy,0,0,daisy,daisy,True,0.99993014
/content/gdrive/My Drive/Colab Notebooks/Assignment/flower_photos/daisy/15784493690_b1858cdb2b_n.jpg,daisy,0,0,daisy,daisy,True,0.9999989
/content/gdrive/My Drive/Colab Notebooks/Assignment/flower_photos/tulips/391477275_7c2f50a1a7_m.jpg,tulips,4,4,tulips,tulips,True,0.98576885
/content/gdrive/My Drive/Colab Notebooks/Assignment/flower_photos/daisy/10841136265_af473efc60.jpg,daisy,0,0,daisy,daisy,True,0.9999577
/content/gdrive/My Drive/Colab Notebooks/Assignment/flower_photos/sunflowers/14921668662_3ffc5b9db3_n.jpg,sunflowers,3,3,sunflowers,sunflowers,True,0.9982932
/content/gdrive/My Drive/Colab Notebooks/Assignment/flower_photos/sunflowers/20777358950_c63ea569a1.jpg,sunflowers,3,3,sunflowers,sunflowers,True,0.98165464
/content/gdrive/My Drive/Colab Notebooks/Assignment/flower_photos/tulips/13974542496_e4b5d1c913_n.jpg,tulips,4,4,tulips,tulips,True,0.99986255
/content/gdrive/My Drive/Colab Notebooks/Assignment/flower_photos/tulips/4522764992_e9d70b82c1_m.jpg,tulips,4,4,tulips,tulips,True,0.9574552
/content/gdrive/My Drive/Colab Notebooks/Assignment/flower_photos/roses/3407482427_49d5c75291_m.jpg,roses,2,4,roses,tulips,False,0.6627634
/content/gdrive/My Drive/Colab Notebooks/Assignment/flower_photos/sunflowers/8174935717_d19367d502.jpg,sunflowers,3,3,sunflowers,sunflowers,True,0.9237084
/content/gdrive/My Drive/Colab Notebooks/Assignment/flower_photos/dandelion/10778387133_9141024b10.jpg,dandelion,1,1,dandelion,dandelion,True,0.99999857
/content/gdrive/My Drive/Colab Notebooks/Assignment/flower_photos/dandelion/3991962484_085ba2da94.jpg,dandelion,1,1,dandelion,dandelion,True,0.99989796
/content/gdrive/My Drive/Colab Notebooks/Assignment/flower_photos/daisy/799964360_7e07a227ea_n.jpg,daisy,0,4,daisy,tulips,False,0.46208212
/content/gdrive/My Drive/Colab Notebooks/Assignment/flower_photos/sunflowers/4664737020_b4c61aacd3_n.jpg,sunflowers,3,3,sunflowers,sunflowers,True,1.0
/content/gdrive/My Drive/Colab Notebooks/Assignment/flower_photos/tulips/924782410_94ed7913ca_m.jpg,tulips,4,4,tulips,tulips,True,0.99933237
/content/gdrive/My Drive/Colab Notebooks/Assignment/flower_photos/sunflowers/14741813010_5d44e33088_n.jpg,sunflowers,3,3,sunflowers,sunflowers,True,0.9999155
/content/gdrive/My Drive/Colab Notebooks/Assignment/flower_photos/sunflowers/23286304156_3635f7de05.jpg,sunflowers,3,3,sunflowers,sunflowers,True,0.9999846
/content/gdrive/My Drive/Colab Notebooks/Assignment/flower_photos/dandelion/8733226215_161309f8ec.jpg,dandelion,1,1,dandelion,dandelion,True,0.9999881
/content/gdrive/My Drive/Colab Notebooks/Assignment/flower_photos/dandelion/4638438929_2ec76083c8_m.jpg,dandelion,1,1,dandelion,dandelion,True,0.9999993
/content/gdrive/My Drive/Colab Notebooks/Assignment/flower_photos/roses/9369421752_db1ab2a6a4_m.jpg,roses,2,2,roses,roses,True,0.9994985
/content/gdrive/My Drive/Colab Notebooks/Assignment/flower_photos/tulips/6808860548_53796b90ca_n.jpg,tulips,4,4,tulips,tulips,True,0.9945639
/content/gdrive/My Drive/Colab Notebooks/Assignment/flower_photos/dandelion/10617162044_8740d4dd9f_n.jpg,dandelion,1,1,dandelion,dandelion,True,0.9998585
/content/gdrive/My Drive/Colab Notebooks/Assignment/flower_photos/daisy/1355787476_32e9f2a30b.jpg,daisy,0,2,daisy,roses,False,0.8528601
/content/gdrive/My Drive/Colab Notebooks/Assignment/flower_photos/dandelion/2518321294_dde5aa7c20_m.jpg,dandelion,1,1,dandelion,dandelion,True,0.9994842
/content/gdrive/My Drive/Colab Notebooks/Assignment/flower_photos/sunflowers/20407896403_a50fef58ac_n.jpg,sunflowers,3,3,sunflowers,sunflowers,True,0.9999721
/content/gdrive/My Drive/Colab Notebooks/Assignment/flower_photos/tulips/3558517884_0c7ca8b862_m.jpg,tulips,4,4,tulips,tulips,True,0.99999964
/content/gdrive/My Drive/Colab Notebooks/Assignment/flower_photos/tulips/16485607329_e66d5960bc_m.jpg,tulips,4,4,tulips,tulips,True,0.99998546
/content/gdrive/My Drive/Colab Notebooks/Assignment/flower_photos/roses/5570018782_c56bee942f.jpg,roses,2,3,roses,sunflowers,False,0.8427249
/content/gdrive/My Drive/Colab Notebooks/Assignment/flower_photos/dandelion/5644234724_cb0917ee33_m.jpg,dandelion,1,1,dandelion,dandelion,True,0.9998385
/content/gdrive/My Drive/Colab Notebooks/Assignment/flower_photos/tulips/14651385476_7ccb20e594_m.jpg,tulips,4,4,tulips,tulips,True,0.86702025
/content/gdrive/My Drive/Colab Notebooks/Assignment/flower_photos/dandelion/19506262462_d0945c14a6.jpg,dandelion,1,1,dandelion,dandelion,True,0.5386679
/content/gdrive/My Drive/Colab Notebooks/Assignment/flower_photos/tulips/2399982682_16929d1f6d_n.jpg,tulips,4,4,tulips,tulips,True,0.9999906
/content/gdrive/My Drive/Colab Notebooks/Assignment/flower_photos/daisy/2561352120_7961d8263f.jpg,daisy,0,0,daisy,daisy,True,0.9999888
/content/gdrive/My Drive/Colab Notebooks/Assignment/flower_photos/sunflowers/9461693602_710f20904f.jpg,sunflowers,3,3,sunflowers,sunflowers,True,0.9982576
/content/gdrive/My Drive/Colab Notebooks/Assignment/flower_photos/tulips/5633266048_4f4bfb2cf1_n.jpg,tulips,4,4,tulips,tulips,True,0.99999404
/content/gdrive/My Drive/Colab Notebooks/Assignment/flower_photos/sunflowers/14646283472_50a3ae1395.jpg,sunflowers,3,3,sunflowers,sunflowers,True,0.9999999
/content/gdrive/My Drive/Colab Notebooks/Assignment/flower_photos/roses/8723767157_c45bfd3ab6.jpg,roses,2,2,roses,roses,True,0.9999784
/content/gdrive/My Drive/Colab Notebooks/Assignment/flower_photos/daisy/4610018126_21f438d2dc_m.jpg,daisy,0,0,daisy,daisy,True,0.9969549
/content/gdrive/My Drive/Colab Notebooks/Assignment/flower_photos/dandelion/14053173516_a00150a919_m.jpg,dandelion,1,1,dandelion,dandelion,True,0.99998
/content/gdrive/My Drive/Colab Notebooks/Assignment/flower_photos/sunflowers/2697194548_ec8f8de97c_n.jpg,sunflowers,3,3,sunflowers,sunflowers,True,0.99964476
/content/gdrive/My Drive/Colab Notebooks/Assignment/flower_photos/tulips/132538273_335240fe5b_n.jpg,tulips,4,4,tulips,tulips,True,0.9999938
/content/gdrive/My Drive/Colab Notebooks/Assignment/flower_photos/sunflowers/8481979626_98c9f88848_n.jpg,sunflowers,3,3,sunflowers,sunflowers,True,0.99999654
/content/gdrive/My Drive/Colab Notebooks/Assignment/flower_photos/tulips/3476945045_97ff41e8ec_n.jpg,tulips,4,4,tulips,tulips,True,0.9999474
/content/gdrive/My Drive/Colab Notebooks/Assignment/flower_photos/dandelion/7243174412_d3628e4cc4_m.jpg,dandelion,1,1,dandelion,dandelion,True,0.9999541
/content/gdrive/My Drive/Colab Notebooks/Assignment/flower_photos/daisy/4561871220_47f420ca59_m.jpg,daisy,0,0,daisy,daisy,True,0.99975926
/content/gdrive/My Drive/Colab Notebooks/Assignment/flower_photos/dandelion/5129135346_3fa8e804d8_n.jpg,dandelion,1,1,dandelion,dandelion,True,0.9999938
/content/gdrive/My Drive/Colab Notebooks/Assignment/flower_photos/tulips/4522153453_06437ca3af_m.jpg,tulips,4,4,tulips,tulips,True,0.5419587
/content/gdrive/My Drive/Colab Notebooks/Assignment/flower_photos/tulips/5674707464_dc18de05b1.jpg,tulips,4,0,tulips,daisy,False,0.48506892
/content/gdrive/My Drive/Colab Notebooks/Assignment/flower_photos/daisy/5434914569_e9b982fde0_n.jpg,daisy,0,0,daisy,daisy,True,0.99954236
/content/gdrive/My Drive/Colab Notebooks/Assignment/flower_photos/roses/2535466143_5823e48b63.jpg,roses,2,4,roses,tulips,False,0.70732063
/content/gdrive/My Drive/Colab Notebooks/Assignment/flower_photos/daisy/14551098743_2842e7a004_n.jpg,daisy,0,0,daisy,daisy,True,0.99999106
/content/gdrive/My Drive/Colab Notebooks/Assignment/flower_photos/dandelion/17161833794_e1d92259d2_m.jpg,dandelion,1,1,dandelion,dandelion,True,0.99998593
/content/gdrive/My Drive/Colab Notebooks/Assignment/flower_photos/tulips/4263272885_1a49ea5209.jpg,tulips,4,4,tulips,tulips,True,0.99999666
/content/gdrive/My Drive/Colab Notebooks/Assignment/flower_photos/daisy/16401288243_36112bd52f_m.jpg,daisy,0,0,daisy,daisy,True,0.99999857
/content/gdrive/My Drive/Colab Notebooks/Assignment/flower_photos/daisy/4544110929_a7de65d65f_n.jpg,daisy,0,0,daisy,daisy,True,0.9821733
/content/gdrive/My Drive/Colab Notebooks/Assignment/flower_photos/tulips/8748266132_5298a91dcf_n.jpg,tulips,4,4,tulips,tulips,True,1.0
/content/gdrive/My Drive/Colab Notebooks/Assignment/flower_photos/dandelion/21657726011_2c94e341bc_n.jpg,dandelion,1,1,dandelion,dandelion,True,0.989153
/content/gdrive/My Drive/Colab Notebooks/Assignment/flower_photos/tulips/8768645961_8f1e097170_n.jpg,tulips,4,4,tulips,tulips,True,1.0
/content/gdrive/My Drive/Colab Notebooks/Assignment/flower_photos/roses/3451177763_729a4d54af_n.jpg,roses,2,2,roses,roses,True,0.99974674
/content/gdrive/My Drive/Colab Notebooks/Assignment/flower_photos/daisy/18442919723_d1251d3e14_n.jpg,daisy,0,0,daisy,daisy,True,0.9993687
/content/gdrive/My Drive/Colab Notebooks/Assignment/flower_photos/roses/12562723334_a2e0a9e3c8_n.jpg,roses,2,2,roses,roses,True,0.9727836
/content/gdrive/My Drive/Colab Notebooks/Assignment/flower_photos/roses/7455236056_b6d71a8dab.jpg,roses,2,2,roses,roses,True,0.9999982
/content/gdrive/My Drive/Colab Notebooks/Assignment/flower_photos/roses/16018886851_c32746cb72.jpg,roses,2,2,roses,roses,True,0.9968823
/content/gdrive/My Drive/Colab Notebooks/Assignment/flower_photos/dandelion/7062171343_db61c92737_n.jpg,dandelion,1,1,dandelion,dandelion,True,0.9999875
/content/gdrive/My Drive/Colab Notebooks/Assignment/flower_photos/tulips/3510799169_0ed6ae9669_n.jpg,tulips,4,4,tulips,tulips,True,0.9999757
/content/gdrive/My Drive/Colab Notebooks/Assignment/flower_photos/dandelion/3393564906_f2df184b76_n.jpg,dandelion,1,1,dandelion,dandelion,True,0.9999999
/content/gdrive/My Drive/Colab Notebooks/Assignment/flower_photos/daisy/1374193928_a52320eafa.jpg,daisy,0,0,daisy,daisy,True,0.7974987
/content/gdrive/My Drive/Colab Notebooks/Assignment/flower_photos/sunflowers/14881304632_54a9dfb8be.jpg,sunflowers,3,3,sunflowers,sunflowers,True,0.99924004
/content/gdrive/My Drive/Colab Notebooks/Assignment/flower_photos/sunflowers/7270375648_79f0caef42_n.jpg,sunflowers,3,3,sunflowers,sunflowers,True,0.5610608
/content/gdrive/My Drive/Colab Notebooks/Assignment/flower_photos/daisy/18023717391_e2c9089e10.jpg,daisy,0,0,daisy,daisy,True,0.99999475
/content/gdrive/My Drive/Colab Notebooks/Assignment/flower_photos/roses/16691277899_9433f39155_n.jpg,roses,2,2,roses,roses,True,0.69412285
/content/gdrive/My Drive/Colab Notebooks/Assignment/flower_photos/sunflowers/4933230395_7930697335_m.jpg,sunflowers,3,3,sunflowers,sunflowers,True,0.9997727
/content/gdrive/My Drive/Colab Notebooks/Assignment/flower_photos/tulips/8702982836_75222725d7.jpg,tulips,4,4,tulips,tulips,True,0.5807921
/content/gdrive/My Drive/Colab Notebooks/Assignment/flower_photos/tulips/17199499591_67b64b21ed_m.jpg,tulips,4,4,tulips,tulips,True,0.9985083
/content/gdrive/My Drive/Colab Notebooks/Assignment/flower_photos/dandelion/8701999625_8d83138124.jpg,dandelion,1,1,dandelion,dandelion,True,0.9106538
/content/gdrive/My Drive/Colab Notebooks/Assignment/flower_photos/roses/6867597533_d65d1c39fb_n.jpg,roses,2,2,roses,roses,True,0.9999218
/content/gdrive/My Drive/Colab Notebooks/Assignment/flower_photos/tulips/16717320956_d4b00807f2.jpg,tulips,4,4,tulips,tulips,True,0.9998235
/content/gdrive/My Drive/Colab Notebooks/Assignment/flower_photos/tulips/3909355648_42cb3a5e09_n.jpg,tulips,4,4,tulips,tulips,True,0.99999976
/content/gdrive/My Drive/Colab Notebooks/Assignment/flower_photos/sunflowers/9206376642_8348ba5c7a.jpg,sunflowers,3,3,sunflowers,sunflowers,True,1.0
/content/gdrive/My Drive/Colab Notebooks/Assignment/flower_photos/tulips/17994129033_bbd0acba62_n.jpg,tulips,4,2,tulips,roses,False,0.9924003
/content/gdrive/My Drive/Colab Notebooks/Assignment/flower_photos/roses/2627513944_b1361e60ec_m.jpg,roses,2,2,roses,roses,True,0.99214983
/content/gdrive/My Drive/Colab Notebooks/Assignment/flower_photos/daisy/5739768868_9f982684f9_n.jpg,daisy,0,0,daisy,daisy,True,0.99999976
/content/gdrive/My Drive/Colab Notebooks/Assignment/flower_photos/tulips/7447655334_e8f805ab95_m.jpg,tulips,4,4,tulips,tulips,True,0.9999914
/content/gdrive/My Drive/Colab Notebooks/Assignment/flower_photos/daisy/5811226952_4650ed70ae_n.jpg,daisy,0,0,daisy,daisy,True,0.99115074
/content/gdrive/My Drive/Colab Notebooks/Assignment/flower_photos/tulips/2336919121_851ebc4754.jpg,tulips,4,4,tulips,tulips,True,0.99977905
/content/gdrive/My Drive/Colab Notebooks/Assignment/flower_photos/roses/9404876600_04f6d37685.jpg,roses,2,2,roses,roses,True,0.99924266
/content/gdrive/My Drive/Colab Notebooks/Assignment/flower_photos/sunflowers/8929213942_5544191250_n.jpg,sunflowers,3,3,sunflowers,sunflowers,True,0.9999976
/content/gdrive/My Drive/Colab Notebooks/Assignment/flower_photos/sunflowers/5043409092_5b12cc985a_m.jpg,sunflowers,3,3,sunflowers,sunflowers,True,0.9998323
/content/gdrive/My Drive/Colab Notebooks/Assignment/flower_photos/dandelion/17903104293_9138439e76.jpg,dandelion,1,1,dandelion,dandelion,True,0.9999981
/content/gdrive/My Drive/Colab Notebooks/Assignment/flower_photos/daisy/2901376034_cdb4bac26b_m.jpg,daisy,0,0,daisy,daisy,True,0.9999969
/content/gdrive/My Drive/Colab Notebooks/Assignment/flower_photos/tulips/142235017_07816937c6.jpg,tulips,4,4,tulips,tulips,True,0.9999839
/content/gdrive/My Drive/Colab Notebooks/Assignment/flower_photos/tulips/3511104954_54eace015c_n.jpg,tulips,4,4,tulips,tulips,True,0.9999782
/content/gdrive/My Drive/Colab Notebooks/Assignment/flower_photos/daisy/3720632920_93cf1cc7f3_m.jpg,daisy,0,0,daisy,daisy,True,0.6547331
/content/gdrive/My Drive/Colab Notebooks/Assignment/flower_photos/tulips/14022473102_3b24ca08cb_m.jpg,tulips,4,4,tulips,tulips,True,0.99949324
/content/gdrive/My Drive/Colab Notebooks/Assignment/flower_photos/dandelion/14126515096_1134fae695.jpg,dandelion,1,4,dandelion,tulips,False,0.86541545
/content/gdrive/My Drive/Colab Notebooks/Assignment/flower_photos/dandelion/7164500544_332b75aa3b.jpg,dandelion,1,1,dandelion,dandelion,True,0.9923362
/content/gdrive/My Drive/Colab Notebooks/Assignment/flower_photos/roses/9609569441_eeb8566e94.jpg,roses,2,2,roses,roses,True,0.8757339
/content/gdrive/My Drive/Colab Notebooks/Assignment/flower_photos/sunflowers/2442985637_8748180f69.jpg,sunflowers,3,3,sunflowers,sunflowers,True,0.9999739
/content/gdrive/My Drive/Colab Notebooks/Assignment/flower_photos/daisy/144076848_57e1d662e3_m.jpg,daisy,0,0,daisy,daisy,True,1.0
/content/gdrive/My Drive/Colab Notebooks/Assignment/flower_photos/dandelion/6012046444_fd80afb63a_n.jpg,dandelion,1,1,dandelion,dandelion,True,0.999592
/content/gdrive/My Drive/Colab Notebooks/Assignment/flower_photos/roses/3742155164_14b557a51c_n.jpg,roses,2,2,roses,roses,True,0.9996045
/content/gdrive/My Drive/Colab Notebooks/Assignment/flower_photos/daisy/3463313493_9497aa47e5_n.jpg,daisy,0,0,daisy,daisy,True,0.999967
/content/gdrive/My Drive/Colab Notebooks/Assignment/flower_photos/tulips/8733586143_3139db6e9e_n.jpg,tulips,4,4,tulips,tulips,True,0.99976844
/content/gdrive/My Drive/Colab Notebooks/Assignment/flower_photos/sunflowers/3865206264_5d81584bba.jpg,sunflowers,3,3,sunflowers,sunflowers,True,0.91184795
/content/gdrive/My Drive/Colab Notebooks/Assignment/flower_photos/dandelion/3591588855_b4fd53b000.jpg,dandelion,1,1,dandelion,dandelion,True,0.99979264
/content/gdrive/My Drive/Colab Notebooks/Assignment/flower_photos/tulips/4508346090_a27b988f79_n.jpg,tulips,4,4,tulips,tulips,True,0.9965676
/content/gdrive/My Drive/Colab Notebooks/Assignment/flower_photos/tulips/15147464747_594599c855_m.jpg,tulips,4,4,tulips,tulips,True,0.48907647
/content/gdrive/My Drive/Colab Notebooks/Assignment/flower_photos/sunflowers/5018120483_cc0421b176_m.jpg,sunflowers,3,3,sunflowers,sunflowers,True,0.9997403
/content/gdrive/My Drive/Colab Notebooks/Assignment/flower_photos/tulips/16862422576_5226e8d1d0.jpg,tulips,4,2,tulips,roses,False,0.5496949
/content/gdrive/My Drive/Colab Notebooks/Assignment/flower_photos/tulips/9947385346_3a8cacea02_n.jpg,tulips,4,4,tulips,tulips,True,0.5172561
/content/gdrive/My Drive/Colab Notebooks/Assignment/flower_photos/daisy/4814515275_6e25a6c18f.jpg,daisy,0,0,daisy,daisy,True,0.993174
/content/gdrive/My Drive/Colab Notebooks/Assignment/flower_photos/daisy/6299498346_b9774b6500.jpg,daisy,0,0,daisy,daisy,True,0.99992955
/content/gdrive/My Drive/Colab Notebooks/Assignment/flower_photos/daisy/16291797949_a1b1b7c2bd_n.jpg,daisy,0,0,daisy,daisy,True,0.99991286
/content/gdrive/My Drive/Colab Notebooks/Assignment/flower_photos/daisy/6864242336_0d12713fe5_n.jpg,daisy,0,0,daisy,daisy,True,0.99996376
/content/gdrive/My Drive/Colab Notebooks/Assignment/flower_photos/tulips/3143110904_66b4851a58_n.jpg,tulips,4,4,tulips,tulips,True,0.7565104
/content/gdrive/My Drive/Colab Notebooks/Assignment/flower_photos/sunflowers/7369484298_332f69bd88_n.jpg,sunflowers,3,3,sunflowers,sunflowers,True,0.8684761
/content/gdrive/My Drive/Colab Notebooks/Assignment/flower_photos/dandelion/13916196427_50a611008f.jpg,dandelion,1,1,dandelion,dandelion,True,0.99999034
/content/gdrive/My Drive/Colab Notebooks/Assignment/flower_photos/roses/4256169180_55df2048a0.jpg,roses,2,2,roses,roses,True,0.98328894
/content/gdrive/My Drive/Colab Notebooks/Assignment/flower_photos/roses/9320934277_4fb95aef5d_n.jpg,roses,2,2,roses,roses,True,0.998818
/content/gdrive/My Drive/Colab Notebooks/Assignment/flower_photos/roses/5717319579_190e85c7d1_m.jpg,roses,2,2,roses,roses,True,0.9999583
/content/gdrive/My Drive/Colab Notebooks/Assignment/flower_photos/dandelion/15821571649_06c4b9a868_n.jpg,dandelion,1,1,dandelion,dandelion,True,0.9441352
/content/gdrive/My Drive/Colab Notebooks/Assignment/flower_photos/dandelion/6994931102_4667c0352e.jpg,dandelion,1,1,dandelion,dandelion,True,0.9909168
/content/gdrive/My Drive/Colab Notebooks/Assignment/flower_photos/tulips/8622237974_b362574785_n.jpg,tulips,4,4,tulips,tulips,True,0.99991596
/content/gdrive/My Drive/Colab Notebooks/Assignment/flower_photos/daisy/2889325612_f2fc403ff0_m.jpg,daisy,0,0,daisy,daisy,True,0.9981364
/content/gdrive/My Drive/Colab Notebooks/Assignment/flower_photos/sunflowers/9558630626_52a1b7d702_m.jpg,sunflowers,3,3,sunflowers,sunflowers,True,0.9996371
/content/gdrive/My Drive/Colab Notebooks/Assignment/flower_photos/tulips/2432389721_4d14971060_n.jpg,tulips,4,4,tulips,tulips,True,0.99999166
/content/gdrive/My Drive/Colab Notebooks/Assignment/flower_photos/daisy/18582579815_4c6637e9ff_m.jpg,daisy,0,0,daisy,daisy,True,0.99999976
/content/gdrive/My Drive/Colab Notebooks/Assignment/flower_photos/dandelion/3472437817_7902b3d984_n.jpg,dandelion,1,1,dandelion,dandelion,True,0.9947765
/content/gdrive/My Drive/Colab Notebooks/Assignment/flower_photos/roses/2215318403_06eb99176a.jpg,roses,2,2,roses,roses,True,0.99999774
/content/gdrive/My Drive/Colab Notebooks/Assignment/flower_photos/roses/6309548569_932fee8313_m.jpg,roses,2,4,roses,tulips,False,0.50183284
/content/gdrive/My Drive/Colab Notebooks/Assignment/flower_photos/tulips/3422915985_9bf7264d36.jpg,tulips,4,4,tulips,tulips,True,0.9986035
/content/gdrive/My Drive/Colab Notebooks/Assignment/flower_photos/dandelion/7270523166_b62fc9e5f1_m.jpg,dandelion,1,1,dandelion,dandelion,True,0.9991683
/content/gdrive/My Drive/Colab Notebooks/Assignment/flower_photos/roses/3109712111_75cea2dee6.jpg,roses,2,2,roses,roses,True,1.0
/content/gdrive/My Drive/Colab Notebooks/Assignment/flower_photos/daisy/2536529152_33ef3ee078_n.jpg,daisy,0,0,daisy,daisy,True,0.99999404
/content/gdrive/My Drive/Colab Notebooks/Assignment/flower_photos/dandelion/570127230_ce409f90f8_n.jpg,dandelion,1,1,dandelion,dandelion,True,0.9990345
/content/gdrive/My Drive/Colab Notebooks/Assignment/flower_photos/sunflowers/7857605684_fc86440c23.jpg,sunflowers,3,3,sunflowers,sunflowers,True,0.9999465
/content/gdrive/My Drive/Colab Notebooks/Assignment/flower_photos/sunflowers/4804434999_bf2187e96a_n.jpg,sunflowers,3,3,sunflowers,sunflowers,True,1.0
