filepath,label,true_label,predicted_label,correct,confidence
/content/gdrive/My Drive/Colab Notebooks/Assignment/flower_photos/roses/11694025703_9a906fedc1_n.jpg,roses,roses,sunflowers,False,0.5891889676331806
/content/gdrive/My Drive/Colab Notebooks/Assignment/flower_photos/daisy/5874818796_3efbb8769d.jpg,daisy,daisy,sunflowers,False,0.3866475786273061
/content/gdrive/My Drive/Colab Notebooks/Assignment/flower_photos/roses/8442304572_2fdc9c7547_n.jpg,roses,roses,sunflowers,False,0.3928549559332539
/content/gdrive/My Drive/Colab Notebooks/Assignment/flower_photos/tulips/4955884820_7e4ce4d7e5_m.jpg,tulips,tulips,tulips,True,0.6233618522113201
/content/gdrive/My Drive/Colab Notebooks/Assignment/flower_photos/roses/5083072098_81587295d5.jpg,roses,roses,tulips,False,0.330453951895897
/content/gdrive/My Drive/Colab Notebooks/Assignment/flower_photos/sunflowers/14925398301_55a180f919_n.jpg,sunflowers,sunflowers,sunflowers,True,0.7168683237260007
/content/gdrive/My Drive/Colab Notebooks/Assignment/flower_photos/sunflowers/9558627290_353a14ba0b_m.jpg,sunflowers,sunflowers,roses,False,0.5269570440614004
/content/gdrive/My Drive/Colab Notebooks/Assignment/flower_photos/roses/15509799653_0562d4a4fa.jpg,roses,roses,roses,True,0.6998263952310432
/content/gdrive/My Drive/Colab Notebooks/Assignment/flower_photos/daisy/3861452393_14d2f95157_m.jpg,daisy,daisy,roses,False,0.3064606988531976
/content/gdrive/My Drive/Colab Notebooks/Assignment/flower_photos/dandelion/6103898045_e066cdeedf_n.jpg,dandelion,dandelion,tulips,False,0.30292354413406947
/content/gdrive/My Drive/Colab Notebooks/Assignment/flower_photos/sunflowers/2720698862_486d3ec079_m.jpg,sunflowers,sunflowers,dandelion,False,0.5931480326651132
/content/gdrive/My Drive/Colab Notebooks/Assignment/flower_photos/roses/9164900485_605aa12da8.jpg,roses,roses,roses,True,0.46021335367779953
/content/gdrive/My Drive/Colab Notebooks/Assignment/flower_photos/dandelion/9472854850_fc9e1db673.jpg,dandelion,dandelion,daisy,False,0.4360740322947089
/content/gdrive/My Drive/Colab Notebooks/Assignment/flower_photos/dandelion/3533167406_e9f4cf10bb_m.jpg,dandelion,dandelion,dandelion,True,0.3985661028471502
/content/gdrive/My Drive/Colab Notebooks/Assignment/flower_photos/daisy/2019064575_7656b9340f_m.jpg,daisy,daisy,daisy,True,0.5742472250082544
/content/gdrive/My Drive/Colab Notebooks/Assignment/flower_photos/sunflowers/4933823300_39fd4420b6.jpg,sunflowers,sunflowers,tulips,False,0.6446407332725754
/content/gdrive/My Drive/Colab Notebooks/Assignment/flower_photos/tulips/16169741783_deeab1a679_m.jpg,tulips,tulips,roses,False,0.3493526379784664
/content/gdrive/My Drive/Colab Notebooks/Assignment/flower_photos/tulips/7042692841_f323799c0d.jpg,tulips,tulips,tulips,True,0.7784942575295938
/content/gdrive/My Drive/Colab Notebooks/Assignment/flower_photos/daisy/99306615_739eb94b9e_m.jpg,daisy,daisy,dandelion,False,0.39465572845552477
/content/gdrive/My Drive/Colab Notebooks/Assignment/flower_photos/tulips/16680998737_6f6225fe36.jpg,tulips,tulips,tulips,True,0.356925791636645
/content/gdrive/My Drive/Colab Notebooks/Assignment/flower_photos/sunflowers/5223643767_d8beb7e410.jpg,sunflowers,sunflowers,sunflowers,True,0.5218741442097331
/content/gdrive/My Drive/Colab Notebooks/Assignment/flower_photos/daisy/8964198962_6d8593b533.jpg,daisy,daisy,tulips,False,0.3362945908979988
/content/gdrive/My Drive/Colab Notebooks/Assignment/flower_photos/roses/20622485918_90fc000c86_n.jpg,roses,roses,dandelion,False,0.3987665502890866
/content/gdrive/My Drive/Colab Notebooks/Assignment/flower_photos/tulips/2351637471_5dd34fd3ac_n.jpg,tulips,tulips,tulips,True,0.4644023785954712
/content/gdrive/My Drive/Colab Notebooks/Assignment/flower_photos/roses/5234278003_d827fcd73b_m.jpg,roses,roses,roses,True,0.6208628998657391
/content/gdrive/My Drive/Colab Notebooks/Assignment/flower_photos/roses/512694812_48ba9c0b49_n.jpg,roses,roses,daisy,False,0.46719277121443137
/content/gdrive/My Drive/Colab Notebooks/Assignment/flower_photos/roses/4503599544_3822e7d1be.jpg,roses,roses,roses,True,0.3122329501267103
/content/gdrive/My Drive/Colab Notebooks/Assignment/flower_photos/dandelion/6229634119_af5fec0a22.jpg,dandelion,dandelion,dandelion,True,0.5817593929578455
/content/gdrive/My Drive/Colab Notebooks/Assignment/flower_photos/sunflowers/2883115609_5a69357b5d_m.jpg,sunflowers,sunflowers,sunflowers,True,0.4358835726549068
/content/gdrive/My Drive/Colab Notebooks/Assignment/flower_photos/sunflowers/215798357_3f4bfa27b7.jpg,sunflowers,sunflowers,sunflowers,True,0.6707559762148763
/content/gdrive/My Drive/Colab Notebooks/Assignment/flower_photos/dandelion/1426682852_e62169221f_m.jpg,dandelion,dandelion,sunflowers,False,0.36905088331370517
/content/gdrive/My Drive/Colab Notebooks/Assignment/flower_photos/tulips/13471563274_471fc1db33_m.jpg,tulips,tulips,sunflowers,False,0.3551198368948889
/content/gdrive/My Drive/Colab Notebooks/Assignment/flower_photos/sunflowers/6061175433_95fdb12f32_n.jpg,sunflowers,sunflowers,roses,False,0.2667720865031052
/content/gdrive/My Drive/Colab Notebooks/Assignment/flower_photos/dandelion/17482158576_86c5ebc2f8.jpg,dandelion,dandelion,dandelion,True,0.7763447819743395
/content/gdrive/My Drive/Colab Notebooks/Assignment/flower_photos/sunflowers/19519101829_46af0b4547_m.jpg,sunflowers,sunflowers,sunflowers,True,0.6079952368673227
/content/gdrive/My Drive/Colab Notebooks/Assignment/flower_photos/roses/5060519573_c628547e20_n.jpg,roses,roses,roses,True,0.5211004291403332
/content/gdrive/My Drive/Colab Notebooks/Assignment/flower_photos/daisy/14421389519_d5fd353eb4.jpg,daisy,daisy,daisy,True,0.4756257602367668
/content/gdrive/My Drive/Colab Notebooks/Assignment/flower_photos/tulips/8712230357_1298b8513b.jpg,tulips,tulips,tulips,True,0.783625057558135
/content/gdrive/My Drive/Colab Notebooks/Assignment/flower_photos/tulips/5813495998_64be1b8ab6_n.jpg,tulips,tulips,tulips,True,0.9695085426541061
/content/gdrive/My Drive/Colab Notebooks/Assignment/flower_photos/tulips/14124669683_7fb74f20c3.jpg,tulips,tulips,tulips,True,0.3304080445606513
/content/gdrive/My Drive/Colab Notebooks/Assignment/flower_photos/dandelion/18271576032_d7e2296de4_n.jpg,dandelion,dandelion,dandelion,True,0.742401980860855
/content/gdrive/My Drive/Colab Notebooks/Assignment/flower_photos/roses/19153732586_9de58c8f53_n.jpg,roses,roses,roses,True,0.32618279152851304
/content/gdrive/My Drive/Colab Notebooks/Assignment/flower_photos/dandelion/14914603395_b271ffab56_n.jpg,dandelion,dandelion,dandelion,True,0.3288819197846965
/content/gdrive/My Drive/Colab Notebooks/Assignment/flower_photos/roses/298670754_f25edda891.jpg,roses,roses,tulips,False,0.504036834144443
/content/gdrive/My Drive/Colab Notebooks/Assignment/flower_photos/tulips/14087792403_f34f37ba3b_m.jpg,tulips,tulips,daisy,False,0.3193166636229876
/content/gdrive/My Drive/Colab Notebooks/Assignment/flower_photos/sunflowers/4942258704_c4146b710a_n.jpg,sunflowers,sunflowers,sunflowers,True,0.47535186407489927
/content/gdrive/My Drive/Colab Notebooks/Assignment/flower_photos/sunflowers/3154932290_4bf43bd34f_n.jpg,sunflowers,sunflowers,roses,False,0.595304456834832
/content/gdrive/My Drive/Colab Notebooks/Assignment/flower_photos/roses/8692040971_826614516f_n.jpg,roses,roses,roses,True,0.3098236851250926
/content/gdrive/My Drive/Colab Notebooks/Assignment/flower_photos/sunflowers/9558628596_722c29ec60_m.jpg,sunflowers,sunflowers,daisy,False,0.3414395430573038
/content/gdrive/My Drive/Colab Notebooks/Assignment/flower_photos/tulips/2447151631_7551e6377b_n.jpg,tulips,tulips,dandelion,False,0.45657606391438155
/content/gdrive/My Drive/Colab Notebooks/Assignment/flower_photos/daisy/5795159787_ebb51a5e75.jpg,daisy,daisy,daisy,True,0.25367021151677815
/content/gdrive/My Drive/Colab Notebooks/Assignment/flower_photos/sunflowers/15683877266_42e0fe3782_n.jpg,sunflowers,sunflowers,sunflowers,True,0.37631701737383116
/content/gdrive/My Drive/Colab Notebooks/Assignment/flower_photos/dandelion/17367866236_61abd4d243_n.jpg,dandelion,dandelion,tulips,False,0.6253042146648576
/content/gdrive/My Drive/Colab Notebooks/Assignment/flower_photos/roses/7316409504_7cf3707f8a_m.jpg,roses,roses,dandelion,False,0.4366786426759093
/content/gdrive/My Drive/Colab Notebooks/Assignment/flower_photos/tulips/8713389178_66bceb71a8_n.jpg,tulips,tulips,tulips,True,0.4906923121634828
/content/gdrive/My Drive/Colab Notebooks/Assignment/flower_photos/sunflowers/9904127656_f76a5a4811_m.jpg,sunflowers,sunflowers,dandelion,False,0.26569048908817594
/content/gdrive/My Drive/Colab Notebooks/Assignment/flower_photos/daisy/6210664514_f1d211217a.jpg,daisy,daisy,dandelion,False,0.34600671455849846
/content/gdrive/My Drive/Colab Notebooks/Assignment/flower_photos/roses/4998708839_c53ee536a8_n.jpg,roses,roses,roses,True,0.6769169459160613
/content/gdrive/My Drive/Colab Notebooks/Assignment/flower_photos/daisy/5110109540_beed4ed162_m.jpg,daisy,daisy,roses,False,0.4245647321265603
/content/gdrive/My Drive/Colab Notebooks/Assignment/flower_photos/daisy/2045022175_ad087f5f60_n.jpg,daisy,daisy,dandelion,False,0.4287139146990973
/content/gdrive/My Drive/Colab Notebooks/Assignment/flower_photos/sunflowers/8928658373_fdca5ff1b8.jpg,sunflowers,sunflowers,daisy,False,0.3155832522505677
/content/gdrive/My Drive/Colab Notebooks/Assignment/flower_photos/dandelion/136999986_e410a68efb_n.jpg,dandelion,dandelion,tulips,False,0.3789270656121212
/content/gdrive/My Drive/Colab Notebooks/Assignment/flower_photos/sunflowers/2619000556_6634478e64_n.jpg,sunflowers,sunflowers,dandelion,False,0.32283833436263953
/content/gdrive/My Drive/Colab Notebooks/Assignment/flower_photos/tulips/10686568196_b1915544a8.jpg,tulips,tulips,tulips,True,0.6796317846790972
/content/gdrive/My Drive/Colab Notebooks/Assignment/flower_photos/sunflowers/4846786944_2832c5c8b8.jpg,sunflowers,sunflowers,sunflowers,True,0.3358214825869456
/content/gdrive/My Drive/Colab Notebooks/Assignment/flower_photos/tulips/2426847695_4b8409402e_n.jpg,tulips,tulips,tulips,True,0.4213359328520427
/content/gdrive/My Drive/Colab Notebooks/Assignment/flower_photos/dandelion/20165867412_fc45d31698_m.jpg,dandelion,dandelion,tulips,False,0.5932065655749477
/content/gdrive/My Drive/Colab Notebooks/Assignment/flower_photos/dandelion/7222962522_36952a67b6_n.jpg,dandelion,dandelion,tulips,False,0.5103163498729835
/content/gdrive/My Drive/Colab Notebooks/Assignment/flower_photos/sunflowers/22203670478_9ec5c2700b_n.jpg,sunflowers,sunflowers,roses,False,0.3284269273268573
/content/gdrive/My Drive/Colab Notebooks/Assignment/flower_photos/sunflowers/8202034834_ee0ee91e04_n.jpg,sunflowers,sunflowers,dandelion,False,0.2921582075371588
/content/gdrive/My Drive/Colab Notebooks/Assignment/flower_photos/dandelion/7262863194_682209e9fb.jpg,dandelion,dandelion,dandelion,True,0.8961543619012831
/content/gdrive/My Drive/Colab Notebooks/Assignment/flower_photos/dandelion/17276354745_2e312a72b5_n.jpg,dandelion,dandelion,dandelion,True,0.8382794987330444
/content/gdrive/My Drive/Colab Notebooks/Assignment/flower_photos/dandelion/12998979765_3de89e7195_n.jpg,dandelion,dandelion,tulips,False,0.31700595902337303
/content/gdrive/My Drive/Colab Notebooks/Assignment/flower_photos/daisy/5973488341_50bdf6cee3_n.jpg,daisy,daisy,daisy,True,0.4417200609413804
/content/gdrive/My Drive/Colab Notebooks/Assignment/flower_photos/daisy/3379332157_04724f6480.jpg,daisy,daisy,dandelion,False,0.3814508623117872
/content/gdrive/My Drive/Colab Notebooks/Assignment/flower_photos/sunflowers/3731075939_6c92d7fe68_m.jpg,sunflowers,sunflowers,sunflowers,True,0.47152273421486673
/content/gdrive/My Drive/Colab Notebooks/Assignment/flower_photos/dandelion/3518608454_c3fd3c311c_m.jpg,dandelion,dandelion,sunflowers,False,0.2816802338198039
/content/gdrive/My Drive/Colab Notebooks/Assignment/flower_photos/dandelion/2465573725_d78caca9d4_n.jpg,dandelion,dandelion,roses,False,0.6225564307955361
/content/gdrive/My Drive/Colab Notebooks/Assignment/flower_photos/dandelion/4573886524_5161482ca7_n.jpg,dandelion,dandelion,daisy,False,0.35357512376168054
/content/gdrive/My Drive/Colab Notebooks/Assignment/flower_photos/sunflowers/5970301989_fe3a68aac8_m.jpg,sunflowers,sunflowers,sunflowers,True,0.6134833551680065
/content/gdrive/My Drive/Colab Notebooks/Assignment/flower_photos/sunflowers/15266715291_dfa3f1d49f_n.jpg,sunflowers,sunflowers,roses,False,0.4901630611648508
/content/gdrive/My Drive/Colab Notebooks/Assignment/flower_photos/tulips/5665080897_0796f726c9_m.jpg,tulips,tulips,roses,False,0.5496521008994758
/content/gdrive/My Drive/Colab Notebooks/Assignment/flower_photos/dandelion/17821459748_873101edd0_m.jpg,dandelion,dandelion,dandelion,True,0.5255445563998862
/content/gdrive/My Drive/Colab Notebooks/Assignment/flower_photos/dandelion/7015947703_11b30c20c9_n.jpg,dandelion,dandelion,sunflowers,False,0.6268864896224646
/content/gdrive/My Drive/Colab Notebooks/Assignment/flower_photos/sunflowers/6199086734_b7ddc65816_m.jpg,sunflowers,sunflowers,sunflowers,True,0.8630891413274536
/content/gdrive/My Drive/Colab Notebooks/Assignment/flower_photos/sunflowers/1217254584_4b3028b93d.jpg,sunflowers,sunflowers,sunflowers,True,0.3549103883368782
/content/gdrive/My Drive/Colab Notebooks/Assignment/flower_photos/sunflowers/18843967474_9cb552716b.jpg,sunflowers,sunflowers,tulips,False,0.4055786163355781
/content/gdrive/My Drive/Colab Notebooks/Assignment/flower_photos/tulips/2333321040_3960b9d67e_n.jpg,tulips,tulips,tulips,True,0.7754938294191523
/content/gdrive/My Drive/Colab Notebooks/Assignment/flower_photos/dandelion/4645101643_9c9d9df13e.jpg,dandelion,dandelion,dandelion,True,0.7884960244274627
/content/gdrive/My Drive/Colab Notebooks/Assignment/flower_photos/dandelion/3487229452_73e3004858.jpg,dandelion,dandelion,tulips,False,0.5276109660008932
/content/gdrive/My Drive/Colab Notebooks/Assignment/flower_photos/roses/22506717337_0fd63e53e9.jpg,roses,roses,sunflowers,False,0.4215185414665798
/content/gdrive/My Drive/Colab Notebooks/Assignment/flower_photos/roses/15060816740_68e1b2c31b.jpg,roses,roses,tulips,False,0.35668354796439006
/content/gdrive/My Drive/Colab Notebooks/Assignment/flower_photos/sunflowers/15054753070_4f6ae0e763_m.jpg,sunflowers,sunflowers,sunflowers,True,0.40101125924626035
/content/gdrive/My Drive/Colab Notebooks/Assignment/flower_photos/dandelion/5776879272_95008399c3.jpg,dandelion,dandelion,dandelion,True,0.45479370479306747
/content/gdrive/My Drive/Colab Notebooks/Assignment/flower_photos/sunflowers/184682320_73ccf74710.jpg,sunflowers,sunflowers,sunflowers,True,0.6315482378660321
/content/gdrive/My Drive/Colab Notebooks/Assignment/flower_photos/roses/16424992340_c1d9eb72b4.jpg,roses,roses,tulips,False,0.34827201655399526
/content/gdrive/My Drive/Colab Notebooks/Assignment/flower_photos/daisy/2087343668_ef4fb95787_n.jpg,daisy,daisy,daisy,True,0.41170938849850336
/content/gdrive/My Drive/Colab Notebooks/Assignment/flower_photos/sunflowers/9427945592_07a2676945_n.jpg,sunflowers,sunflowers,sunflowers,True,0.4368351067142909
/content/gdrive/My Drive/Colab Notebooks/Assignment/flower_photos/dandelion/16817037661_2980d823e1_n.jpg,dandelion,dandelion,dandelion,True,0.8873342099705361
/content/gdrive/My Drive/Colab Notebooks/Assignment/flower_photos/dandelion/3398195641_456872b48b_n.jpg,dandelion,dandelion,dandelion,True,0.3387254293116527
/content/gdrive/My Drive/Colab Notebooks/Assignment/flower_photos/dandelion/2330343016_23acc484ee.jpg,dandelion,dandelion,dandelion,True,0.9104404544074028
/content/gdrive/My Drive/Colab Notebooks/Assignment/flower_photos/roses/5529341024_0c35f2657d.jpg,roses,roses,dandelion,False,0.41804744851929027
/content/gdrive/My Drive/Colab Notebooks/Assignment/flower_photos/tulips/8713398614_88202e452e_n.jpg,tulips,tulips,tulips,True,0.8092461981289966
/content/gdrive/My Drive/Colab Notebooks/Assignment/flower_photos/sunflowers/14348961225_09bd803317_n.jpg,sunflowers,sunflowers,sunflowers,True,0.4705520154485422
/content/gdrive/My Drive/Colab Notebooks/Assignment/flower_photos/tulips/7166606598_5d2cd307c3.jpg,tulips,tulips,tulips,True,0.5707402582265871
/content/gdrive/My Drive/Colab Notebooks/Assignment/flower_photos/roses/3179751458_9646d839f6_n.jpg,roses,roses,roses,True,0.4402918427197287
/content/gdrive/My Drive/Colab Notebooks/Assignment/flower_photos/daisy/16527403771_2391f137c4_n.jpg,daisy,daisy,daisy,True,0.648208108812819
/content/gdrive/My Drive/Colab Notebooks/Assignment/flower_photos/tulips/16594995743_ce72c61201_n.jpg,tulips,tulips,tulips,True,0.8929534107608774
/content/gdrive/My Drive/Colab Notebooks/Assignment/flower_photos/sunflowers/7176729812_7c053921fb_m.jpg,sunflowers,sunflowers,dandelion,False,0.45705600958383896
/content/gdrive/My Drive/Colab Notebooks/Assignment/flower_photos/tulips/5718781677_d5e9267115_n.jpg,tulips,tulips,daisy,False,0.33004147319781285
/content/gdrive/My Drive/Colab Notebooks/Assignment/flower_photos/sunflowers/14623719696_1bb7970208_n.jpg,sunflowers,sunflowers,sunflowers,True,0.7371921017049585
/content/gdrive/My Drive/Colab Notebooks/Assignment/flower_photos/tulips/4497973347_57480ffee9_m.jpg,tulips,tulips,roses,False,0.35033725505611574
/content/gdrive/My Drive/Colab Notebooks/Assignment/flower_photos/dandelion/8740787470_67230d0609.jpg,dandelion,dandelion,dandelion,True,0.6583085652313387
/content/gdrive/My Drive/Colab Notebooks/Assignment/flower_photos/sunflowers/5293283002_9b17f085f7_m.jpg,sunflowers,sunflowers,sunflowers,True,0.7212995685287439
/content/gdrive/My Drive/Colab Notebooks/Assignment/flower_photos/dandelion/15005530987_e13b328047_n.jpg,dandelion,dandelion,dandelion,True,0.7212246697888941
/content/gdrive/My Drive/Colab Notebooks/Assignment/flower_photos/tulips/13530786873_0d34880300_n.jpg,tulips,tulips,tulips,True,0.6353823590431142
/content/gdrive/My Drive/Colab Notebooks/Assignment/flower_photos/sunflowers/5020805135_1219d7523d.jpg,sunflowers,sunflowers,sunflowers,True,0.6861750791859302
/content/gdrive/My Drive/Colab Notebooks/Assignment/flower_photos/roses/7865295712_bcc94d120c.jpg,roses,roses,dandelion,False,0.4125603951297208
/content/gdrive/My Drive/Colab Notebooks/Assignment/flower_photos/sunflowers/14925398441_107f3e0304_n.jpg,sunflowers,sunflowers,sunflowers,True,0.7583002829220342
/content/gdrive/My Drive/Colab Notebooks/Assignment/flower_photos/dandelion/3451637528_b245144675_n.jpg,dandelion,dandelion,sunflowers,False,0.4172040170598419
/content/gdrive/My Drive/Colab Notebooks/Assignment/flower_photos/roses/4723876257_d87b781986.jpg,roses,roses,sunflowers,False,0.442253265443362
/content/gdrive/My Drive/Colab Notebooks/Assignment/flower_photos/tulips/16862374316_4135908d4c_m.jpg,tulips,tulips,sunflowers,False,0.4210061125885414
/content/gdrive/My Drive/Colab Notebooks/Assignment/flower_photos/dandelion/14003401241_543535b385.jpg,dandelion,dandelion,sunflowers,False,0.3127946326458395
/content/gdrive/My Drive/Colab Notebooks/Assignment/flower_photos/roses/11944957684_2cc806276e.jpg,roses,roses,dandelion,False,0.3383608299489191
/content/gdrive/My Drive/Colab Notebooks/Assignment/flower_photos/tulips/444963906_e41492b692.jpg,tulips,tulips,dandelion,False,0.35761362554735227
/content/gdrive/My Drive/Colab Notebooks/Assignment/flower_photos/daisy/18203367608_07a04e98a4_n.jpg,daisy,daisy,daisy,True,0.34693207471647985
/content/gdrive/My Drive/Colab Notebooks/Assignment/flower_photos/sunflowers/15054866658_c1a6223403_m.jpg,sunflowers,sunflowers,roses,False,0.33977751841913917
/content/gdrive/My Drive/Colab Notebooks/Assignment/flower_photos/tulips/13289268363_b9337d751e.jpg,tulips,tulips,tulips,True,0.6544926105936031
/content/gdrive/My Drive/Colab Notebooks/Assignment/flower_photos/daisy/4301689054_20519e5b68.jpg,daisy,daisy,roses,False,0.3941347065767042
/content/gdrive/My Drive/Colab Notebooks/Assignment/flower_photos/dandelion/8842317179_d59cf218cb_n.jpg,dandelion,dandelion,dandelion,True,0.5906942803859808
/content/gdrive/My Drive/Colab Notebooks/Assignment/flower_photos/daisy/8094774544_35465c1c64.jpg,daisy,daisy,tulips,False,0.8401066129934573
/content/gdrive/My Drive/Colab Notebooks/Assignment/flower_photos/sunflowers/21995435890_e5672244a4_m.jpg,sunflowers,sunflowers,daisy,False,0.6307013700332257
/content/gdrive/My Drive/Colab Notebooks/Assignment/flower_photos/tulips/9019694597_2d3bbedb17.jpg,tulips,tulips,tulips,True,0.8625797978506932
/content/gdrive/My Drive/Colab Notebooks/Assignment/flower_photos/tulips/3502085373_edc2c36992_n.jpg,tulips,tulips,tulips,True,0.6638065867711721
/content/gdrive/My Drive/Colab Notebooks/Assignment/flower_photos/dandelion/4523862714_b41b459c88.jpg,dandelion,dandelion,tulips,False,0.33497675133278637
/content/gdrive/My Drive/Colab Notebooks/Assignment/flower_photos/daisy/8882282142_9be2524d38_m.jpg,daisy,daisy,daisy,True,0.4035846550875573
/content/gdrive/My Drive/Colab Notebooks/Assignment/flower_photos/daisy/3713290261_8a66de23ab.jpg,daisy,daisy,daisy,True,0.3867641823932028
/content/gdrive/My Drive/Colab Notebooks/Assignment/flower_photos/roses/5835539224_75967fc400_m.jpg,roses,roses,sunflowers,False,0.3570805911271495
/content/gdrive/My Drive/Colab Notebooks/Assignment/flower_photos/daisy/21652746_cc379e0eea_m.jpg,daisy,daisy,daisy,True,0.5284036157976526
/content/gdrive/My Drive/Colab Notebooks/Assignment/flower_photos/dandelion/7132482331_01769e36e9_n.jpg,dandelion,dandelion,dandelion,True,0.5967926179407848
/content/gdrive/My Drive/Colab Notebooks/Assignment/flower_photos/dandelion/506659320_6fac46551e.jpg,dandelion,dandelion,dandelion,True,0.8875302093621008
/content/gdrive/My Drive/Colab Notebooks/Assignment/flower_photos/dandelion/19004688463_12a8423109.jpg,dandelion,dandelion,tulips,False,0.5538435047892515
/content/gdrive/My Drive/Colab Notebooks/Assignment/flower_photos/roses/6570546331_ffb9dab0bf_n.jpg,roses,roses,roses,True,0.6537589491446963
/content/gdrive/My Drive/Colab Notebooks/Assignment/flower_photos/dandelion/253622055_d72964a7fd_n.jpg,dandelion,dandelion,dandelion,True,0.6530354013278591
/content/gdrive/My Drive/Colab Notebooks/Assignment/flower_photos/daisy/2346726545_2ebce2b2a6.jpg,daisy,daisy,daisy,True,0.5974222637571814
/content/gdrive/My Drive/Colab Notebooks/Assignment/flower_photos/sunflowers/9240129413_f240ce7866_n.jpg,sunflowers,sunflowers,daisy,False,0.2977637809112633
/content/gdrive/My Drive/Colab Notebooks/Assignment/flower_photos/tulips/12873145295_438b8197a7_n.jpg,tulips,tulips,roses,False,0.33473931292930315
/content/gdrive/My Drive/Colab Notebooks/Assignment/flower_photos/daisy/3098641292_76c908ba1f_n.jpg,daisy,daisy,daisy,True,0.5668257422445393
/content/gdrive/My Drive/Colab Notebooks/Assignment/flower_photos/sunflowers/6606817351_10f6e43a09.jpg,sunflowers,sunflowers,sunflowers,True,0.5274481832356879
/content/gdrive/My Drive/Colab Notebooks/Assignment/flower_photos/sunflowers/20777375650_ef854bf645.jpg,sunflowers,sunflowers,dandelion,False,0.4456846831049018
/content/gdrive/My Drive/Colab Notebooks/Assignment/flower_photos/daisy/5769217520_c90efc3c93_m.jpg,daisy,daisy,dandelion,False,0.2784557966570227
/content/gdrive/My Drive/Colab Notebooks/Assignment/flower_photos/sunflowers/6606820461_952c450f90_n.jpg,sunflowers,sunflowers,sunflowers,True,0.8311865550854735
/content/gdrive/My Drive/Colab Notebooks/Assignment/flower_photos/roses/3661675690_ed2d05fa5f_n.jpg,roses,roses,roses,True,0.6323622034607937
/content/gdrive/My Drive/Colab Notebooks/Assignment/flower_photos/dandelion/6983120596_8b9f084ac2_n.jpg,dandelion,dandelion,roses,False,0.38232108911930107
/content/gdrive/My Drive/Colab Notebooks/Assignment/flower_photos/daisy/4792826628_aa5e5a9804_n.jpg,daisy,daisy,dandelion,False,0.5311980421999769
/content/gdrive/My Drive/Colab Notebooks/Assignment/flower_photos/daisy/8383753520_8391dd80ee_m.jpg,daisy,daisy,roses,False,0.630591404301101
/content/gdrive/My Drive/Colab Notebooks/Assignment/flower_photos/dandelion/3856725141_0db85f466d_n.jpg,dandelion,dandelion,dandelion,True,0.5007534960944418
/content/gdrive/My Drive/Colab Notebooks/Assignment/flower_photos/daisy/4668543441_79040ca329_n.jpg,daisy,daisy,sunflowers,False,0.23355121947170732
/content/gdrive/My Drive/Colab Notebooks/Assignment/flower_photos/tulips/5757091018_cdfd79dfa6_m.jpg,tulips,tulips,dandelion,False,0.4042405004749887
/content/gdrive/My Drive/Colab Notebooks/Assignment/flower_photos/roses/1461381091_aaaa663bbe_n.jpg,roses,roses,sunflowers,False,0.351978566995357
/content/gdrive/My Drive/Colab Notebooks/Assignment/flower_photos/tulips/7002703410_3e97b29da5_n.jpg,tulips,tulips,tulips,True,0.9114021407655695
/content/gdrive/My Drive/Colab Notebooks/Assignment/flower_photos/tulips/5811022098_2523ca4e82.jpg,tulips,tulips,daisy,False,0.5785453209409454
/content/gdrive/My Drive/Colab Notebooks/Assignment/flower_photos/daisy/14114116486_0bb6649bc1_m.jpg,daisy,daisy,tulips,False,0.7953866098655191
/content/gdrive/My Drive/Colab Notebooks/Assignment/flower_photos/sunflowers/14814264272_4b39a102f9_n.jpg,sunflowers,sunflowers,sunflowers,True,0.8014467169381541
/content/gdrive/My Drive/Colab Notebooks/Assignment/flower_photos/sunflowers/45045005_57354ee844.jpg,sunflowers,sunflowers,sunflowers,True,0.5782847292361701
/content/gdrive/My Drive/Colab Notebooks/Assignment/flower_photos/dandelion/808239968_318722e4db.jpg,dandelion,dandelion,tulips,False,0.44702543678287354
/content/gdrive/My Drive/Colab Notebooks/Assignment/flower_photos/daisy/5693459303_e61d9a9533.jpg,daisy,daisy,tulips,False,0.5182542488809043
/content/gdrive/My Drive/Colab Notebooks/Assignment/flower_photos/dandelion/13807932364_673b7f1c1c_n.jpg,dandelion,dandelion,dandelion,True,0.5160991691957094
/content/gdrive/My Drive/Colab Notebooks/Assignment/flower_photos/tulips/8722514702_7ecc68691c.jpg,tulips,tulips,tulips,True,0.47729148852837316
/content/gdrive/My Drive/Colab Notebooks/Assignment/flower_photos/tulips/16904202259_8f45d045c3_m.jpg,tulips,tulips,tulips,True,0.2916548009744877
/content/gdrive/My Drive/Colab Notebooks/Assignment/flower_photos/roses/2535495431_e6f950443c.jpg,roses,roses,roses,True,0.5839577205226583
/content/gdrive/My Drive/Colab Notebooks/Assignment/flower_photos/dandelion/2444241718_3ca53ce921.jpg,dandelion,dandelion,dandelion,True,0.5427980176049244
/content/gdrive/My Drive/Colab Notebooks/Assignment/flower_photos/tulips/8511683706_4173683d45_m.jpg,tulips,tulips,tulips,True,0.4558734899671791
/content/gdrive/My Drive/Colab Notebooks/Assignment/flower_photos/dandelion/22196426956_eca94f6faa_m.jpg,dandelion,dandelion,dandelion,True,0.4355103573296147
/content/gdrive/My Drive/Colab Notebooks/Assignment/flower_photos/sunflowers/4806174512_e04475b766_n.jpg,sunflowers,sunflowers,sunflowers,True,0.6101204440908171
/content/gdrive/My Drive/Colab Notebooks/Assignment/flower_photos/daisy/6776075110_1ea7a09dd4_n.jpg,daisy,daisy,tulips,False,0.48823488416037214
/content/gdrive/My Drive/Colab Notebooks/Assignment/flower_photos/roses/921138131_9e1393eb2b_m.jpg,roses,roses,daisy,False,0.43073373569744333
/content/gdrive/My Drive/Colab Notebooks/Assignment/flower_photos/tulips/518256494_368a72db37.jpg,tulips,tulips,tulips,True,0.4920782393642277
/content/gdrive/My Drive/Colab Notebooks/Assignment/flower_photos/daisy/9146733107_98b15d3892_m.jpg,daisy,daisy,sunflowers,False,0.6703084152946369
/content/gdrive/My Drive/Colab Notebooks/Assignment/flower_photos/sunflowers/2803725948_5fd1f2fc99_n.jpg,sunflowers,sunflowers,sunflowers,True,0.7662570632088109
/content/gdrive/My Drive/Colab Notebooks/Assignment/flower_photos/tulips/8520482921_21dd204ebd_n.jpg,tulips,tulips,tulips,True,0.7408438470993792
/content/gdrive/My Drive/Colab Notebooks/Assignment/flower_photos/tulips/2243427551_809b603992_z.jpg,tulips,tulips,tulips,True,0.8019323304198062
/content/gdrive/My Drive/Colab Notebooks/Assignment/flower_photos/roses/6347846687_3f0a7c3176.jpg,roses,roses,roses,True,0.6144600943889469
/content/gdrive/My Drive/Colab Notebooks/Assignment/flower_photos/dandelion/6994938270_bf51d0fe63.jpg,dandelion,dandelion,daisy,False,0.5654089225092777
/content/gdrive/My Drive/Colab Notebooks/Assignment/flower_photos/daisy/14621687774_ec52811acd_n.jpg,daisy,daisy,sunflowers,False,0.4645823443388008
/content/gdrive/My Drive/Colab Notebooks/Assignment/flower_photos/roses/7211616670_2d49ecb3a5_m.jpg,roses,roses,roses,True,0.35227777177255676
/content/gdrive/My Drive/Colab Notebooks/Assignment/flower_photos/dandelion/2938040169_eb38581359.jpg,dandelion,dandelion,roses,False,0.380784085049754
/content/gdrive/My Drive/Colab Notebooks/Assignment/flower_photos/dandelion/3475811950_0fb89845f5_n.jpg,dandelion,dandelion,tulips,False,0.5080476417762132
/content/gdrive/My Drive/Colab Notebooks/Assignment/flower_photos/dandelion/2076141453_c63801962a_m.jpg,dandelion,dandelion,sunflowers,False,0.35990029695450626
/content/gdrive/My Drive/Colab Notebooks/Assignment/flower_photos/roses/16670921315_0fc48d7ab2_n.jpg,roses,roses,roses,True,0.6542413743576718
/content/gdrive/My Drive/Colab Notebooks/Assignment/flower_photos/daisy/11439894966_dca877f0cd.jpg,daisy,daisy,daisy,True,0.3556432622283409
/content/gdrive/My Drive/Colab Notebooks/Assignment/flower_photos/daisy/1342002397_9503c97b49.jpg,daisy,daisy,daisy,True,0.5237323843464919
/content/gdrive/My Drive/Colab Notebooks/Assignment/flower_photos/tulips/13910544560_9140dd547e.jpg,tulips,tulips,tulips,True,0.9273792819257836
/content/gdrive/My Drive/Colab Notebooks/Assignment/flower_photos/dandelion/2462379970_6bd5560f4c_m.jpg,dandelion,dandelion,daisy,False,0.3204020193974581
/content/gdrive/My Drive/Colab Notebooks/Assignment/flower_photos/tulips/16471277547_a0a5509377_n.jpg,tulips,tulips,tulips,True,0.9140746959817331
/content/gdrive/My Drive/Colab Notebooks/Assignment/flower_photos/tulips/4591323356_030d8b6967_m.jpg,tulips,tulips,daisy,False,0.27495096560696924
/content/gdrive/My Drive/Colab Notebooks/Assignment/flower_photos/daisy/512477177_d9004cbcf1_n.jpg,daisy,daisy,sunflowers,False,0.5748791388455856
/content/gdrive/My Drive/Colab Notebooks/Assignment/flower_photos/dandelion/7401173270_ebaf04c9b0_n.jpg,dandelion,dandelion,roses,False,0.32482874344938345
/content/gdrive/My Drive/Colab Notebooks/Assignment/flower_photos/dandelion/18215579866_94b1732f24.jpg,dandelion,dandelion,roses,False,0.533158981793041
/content/gdrive/My Drive/Colab Notebooks/Assignment/flower_photos/sunflowers/9483429732_5ae73eb672_n.jpg,sunflowers,sunflowers,sunflowers,True,0.7133594186852854
/content/gdrive/My Drive/Colab Notebooks/Assignment/flower_photos/roses/9433167170_fa056d3175.jpg,roses,roses,roses,True,0.5879731948003017
/content/gdrive/My Drive/Colab Notebooks/Assignment/flower_photos/dandelion/9301891790_971dcfb35d_m.jpg,dandelion,dandelion,dandelion,True,0.626423767120669
/content/gdrive/My Drive/Colab Notebooks/Assignment/flower_photos/tulips/4520582070_d14a14f038.jpg,tulips,tulips,tulips,True,0.4064467007685691
/content/gdrive/My Drive/Colab Notebooks/Assignment/flower_photos/dandelion/8475758_4c861ab268_m.jpg,dandelion,dandelion,sunflowers,False,0.7402892029636696
/content/gdrive/My Drive/Colab Notebooks/Assignment/flower_photos/sunflowers/23894449029_bf0f34d35d_n.jpg,sunflowers,sunflowers,sunflowers,True,0.3564353310657554
/content/gdrive/My Drive/Colab Notebooks/Assignment/flower_photos/sunflowers/9538283930_0faea083bb_n.jpg,sunflowers,sunflowers,tulips,False,0.4130922906822986
/content/gdrive/My Drive/Colab Notebooks/Assignment/flower_photos/dandelion/6044710875_0459796d1b_m.jpg,dandelion,dandelion,dandelion,True,0.8809608507287487
/content/gdrive/My Drive/Colab Notebooks/Assignment/flower_photos/daisy/3661613900_b15ca1d35d_m.jpg,daisy,daisy,daisy,True,0.4075033582712559
/content/gdrive/My Drive/Colab Notebooks/Assignment/flower_photos/tulips/13510068773_c925c5517c.jpg,tulips,tulips,tulips,True,0.6157732498275937
/content/gdrive/My Drive/Colab Notebooks/Assignment/flower_photos/sunflowers/22405882322_d4561f8469_n.jpg,sunflowers,sunflowers,sunflowers,True,0.7640372601429387
/content/gdrive/My Drive/Colab Notebooks/Assignment/flower_photos/sunflowers/13096076565_72c2c60875_n.jpg,sunflowers,sunflowers,daisy,False,0.5856371537076246
/content/gdrive/My Drive/Colab Notebooks/Assignment/flower_photos/tulips/13472141763_f2517e7f0d.jpg,tulips,tulips,tulips,True,0.36702064161603487
/content/gdrive/My Drive/Colab Notebooks/Assignment/flower_photos/sunflowers/14932787983_d6e05f2434_m.jpg,sunflowers,sunflowers,roses,False,0.2999757667554386
/content/gdrive/My Drive/Colab Notebooks/Assignment/flower_photos/sunflowers/18766965343_9f42d4bedc_m.jpg,sunflowers,sunflowers,roses,False,0.5129398251155419
/content/gdrive/My Drive/Colab Notebooks/Assignment/flower_photos/daisy/521762040_f26f2e08dd.jpg,daisy,daisy,daisy,True,0.4332234118706519
/content/gdrive/My Drive/Colab Notebooks/Assignment/flower_photos/roses/14154164774_3b39d36778.jpg,roses,roses,roses,True,0.2901638048843217
/content/gdrive/My Drive/Colab Notebooks/Assignment/flower_photos/dandelion/18276105805_d31d3f7e71.jpg,dandelion,dandelion,dandelion,True,0.3791450016106665
/content/gdrive/My Drive/Colab Notebooks/Assignment/flower_photos/tulips/5524946579_307dc74476.jpg,tulips,tulips,tulips,True,0.3577884716861304
/content/gdrive/My Drive/Colab Notebooks/Assignment/flower_photos/sunflowers/184683023_737fec5b18.jpg,sunflowers,sunflowers,sunflowers,True,0.6065992193023637
/content/gdrive/My Drive/Colab Notebooks/Assignment/flower_photos/roses/8642943283_47e44d049d_m.jpg,roses,roses,roses,True,0.7808559529126111
/content/gdrive/My Drive/Colab Notebooks/Assignment/flower_photos/tulips/14171673854_1208c19be3_m.jpg,tulips,tulips,sunflowers,False,0.5581236389307426
/content/gdrive/My Drive/Colab Notebooks/Assignment/flower_photos/daisy/5632774792_0fa33d17eb_n.jpg,daisy,daisy,dandelion,False,0.4190022238620237
/content/gdrive/My Drive/Colab Notebooks/Assignment/flower_photos/roses/326541992_d542103ca8_n.jpg,roses,roses,sunflowers,False,0.4864890320146606
/content/gdrive/My Drive/Colab Notebooks/Assignment/flower_photos/roses/5249439791_196b4e7fc7.jpg,roses,roses,roses,True,0.30562353429251843
/content/gdrive/My Drive/Colab Notebooks/Assignment/flower_photos/dandelion/18687587599_3dd4fdf255.jpg,dandelion,dandelion,dandelion,True,0.38467040129266145
/content/gdrive/My Drive/Colab Notebooks/Assignment/flower_photos/roses/1485142251_ca89254442.jpg,roses,roses,roses,True,0.2977032582246894
/content/gdrive/My Drive/Colab Notebooks/Assignment/flower_photos/daisy/9244082319_b1f7e2d8b0_n.jpg,daisy,daisy,tulips,False,0.6236104444876834
/content/gdrive/My Drive/Colab Notebooks/Assignment/flower_photos/dandelion/4607183665_3472643bc8.jpg,dandelion,dandelion,dandelion,True,0.5419177094451457
/content/gdrive/My Drive/Colab Notebooks/Assignment/flower_photos/tulips/8717900362_2aa508e9e5.jpg,tulips,tulips,sunflowers,False,0.6394860589131589
/content/gdrive/My Drive/Colab Notebooks/Assignment/flower_photos/dandelion/15549402199_2890918ddb.jpg,dandelion,dandelion,dandelion,True,0.5410943714064371
/content/gdrive/My Drive/Colab Notebooks/Assignment/flower_photos/dandelion/6985099958_5249a4688b.jpg,dandelion,dandelion,tulips,False,0.6347397342772843
/content/gdrive/My Drive/Colab Notebooks/Assignment/flower_photos/dandelion/340190928_d77bf4d615.jpg,dandelion,dandelion,dandelion,True,0.42085167897019676
/content/gdrive/My Drive/Colab Notebooks/Assignment/flower_photos/roses/8394286483_69fe04cc7f.jpg,roses,roses,tulips,False,0.478973241310071
/content/gdrive/My Drive/Colab Notebooks/Assignment/flower_photos/roses/8742493689_fb852f0228_n.jpg,roses,roses,tulips,False,0.3392774962047556
/content/gdrive/My Drive/Colab Notebooks/Assignment/flower_photos/dandelion/2635422362_a1bf641547_m.jpg,dandelion,dandelion,dandelion,True,0.37717354672882025
/content/gdrive/My Drive/Colab Notebooks/Assignment/flower_photos/daisy/517054467_d82d323c33_m.jpg,daisy,daisy,sunflowers,False,0.4810646718000567
/content/gdrive/My Drive/Colab Notebooks/Assignment/flower_photos/daisy/14485782498_fb342ec301.jpg,daisy,daisy,tulips,False,0.8900509430837922
/content/gdrive/My Drive/Colab Notebooks/Assignment/flower_photos/tulips/8554190977_37ac747799_m.jpg,tulips,tulips,sunflowers,False,0.4087944874118478
/content/gdrive/My Drive/Colab Notebooks/Assignment/flower_photos/daisy/5876455546_32049e5585.jpg,daisy,daisy,daisy,True,0.32185538489487814
/content/gdrive/My Drive/Colab Notebooks/Assignment/flower_photos/roses/3026375835_a20ecdd140_m.jpg,roses,roses,roses,True,0.7631533953064009
/content/gdrive/My Drive/Colab Notebooks/Assignment/flower_photos/roses/180613732_3a7aba0b80_n.jpg,roses,roses,roses,True,0.5225880713967843
/content/gdrive/My Drive/Colab Notebooks/Assignment/flower_photos/roses/4648680921_80dfc4f12a.jpg,roses,roses,dandelion,False,0.326477984857347
/content/gdrive/My Drive/Colab Notebooks/Assignment/flower_photos/tulips/5012813078_99fb977616_n.jpg,tulips,tulips,sunflowers,False,0.3643000818979664
/content/gdrive/My Drive/Colab Notebooks/Assignment/flower_photos/dandelion/5875763050_82f32f2eed_m.jpg,dandelion,dandelion,dandelion,True,0.9152282077648376
/content/gdrive/My Drive/Colab Notebooks/Assignment/flower_photos/dandelion/16096748028_7876887ab2.jpg,dandelion,dandelion,dandelion,True,0.3639809341626844
/content/gdrive/My Drive/Colab Notebooks/Assignment/flower_photos/dandelion/5607256228_2294c201b3.jpg,dandelion,dandelion,dandelion,True,0.3993264530763344
/content/gdrive/My Drive/Colab Notebooks/Assignment/flower_photos/roses/15312360171_57bde98799_n.jpg,roses,roses,roses,True,0.5845625201326347
/content/gdrive/My Drive/Colab Notebooks/Assignment/flower_photos/dandelion/4669815582_0a994fb4fd_m.jpg,dandelion,dandelion,roses,False,0.4127181380517754
/content/gdrive/My Drive/Colab Notebooks/Assignment/flower_photos/roses/16961613890_695b36aab2_m.jpg,roses,roses,roses,True,0.6817470295414784
/content/gdrive/My Drive/Colab Notebooks/Assignment/flower_photos/sunflowers/1880606744_23e3dc4f6b_n.jpg,sunflowers,sunflowers,sunflowers,True,0.40317774508697324
/content/gdrive/My Drive/Colab Notebooks/Assignment/flower_photos/daisy/2538504987_fe524b92a8_n.jpg,daisy,daisy,dandelion,False,0.4835404750461296
/content/gdrive/My Drive/Colab Notebooks/Assignment/flower_photos/daisy/5700781400_65761f3fce.jpg,daisy,daisy,tulips,False,0.5451842964716337
/content/gdrive/My Drive/Colab Notebooks/Assignment/flower_photos/sunflowers/5069564563_ae03792c3c_m.jpg,sunflowers,sunflowers,sunflowers,True,0.2705509521968494
/content/gdrive/My Drive/Colab Notebooks/Assignment/flower_photos/dandelion/4560663938_3557a1f831.jpg,dandelion,dandelion,dandelion,True,0.3620932221600372
/content/gdrive/My Drive/Colab Notebooks/Assignment/flower_photos/roses/19988406792_68201f76e3_n.jpg,roses,roses,dandelion,False,0.29473258589152324
/content/gdrive/My Drive/Colab Notebooks/Assignment/flower_photos/sunflowers/4933824130_b99839a80d.jpg,sunflowers,sunflowers,sunflowers,True,0.46939461219944983
/content/gdrive/My Drive/Colab Notebooks/Assignment/flower_photos/dandelion/19526570282_1d1e71b0f3_m.jpg,dandelion,dandelion,dandelion,True,0.9086541877785953
/content/gdrive/My Drive/Colab Notebooks/Assignment/flower_photos/tulips/7166570828_7c26ca5766_n.jpg,tulips,tulips,sunflowers,False,0.5665453700765255
/content/gdrive/My Drive/Colab Notebooks/Assignment/flower_photos/tulips/7003964080_4566470798_n.jpg,tulips,tulips,roses,False,0.766196601047766
/content/gdrive/My Drive/Colab Notebooks/Assignment/flower_photos/sunflowers/4414084638_03d2db38ae.jpg,sunflowers,sunflowers,sunflowers,True,0.4903945273703862
/content/gdrive/My Drive/Colab Notebooks/Assignment/flower_photos/dandelion/14058811536_f29cd7bd58_n.jpg,dandelion,dandelion,dandelion,True,0.4417557866522857
/content/gdrive/My Drive/Colab Notebooks/Assignment/flower_photos/tulips/16283125269_4cfae953f1.jpg,tulips,tulips,tulips,True,0.7871688017520532
/content/gdrive/My Drive/Colab Notebooks/Assignment/flower_photos/daisy/3758221664_b19116d61f.jpg,daisy,daisy,daisy,True,0.5429218577248777
/content/gdrive/My Drive/Colab Notebooks/Assignment/flower_photos/dandelion/14292205986_da230467ef.jpg,dandelion,dandelion,dandelion,True,0.40147592141758315
/content/gdrive/My Drive/Colab Notebooks/Assignment/flower_photos/roses/16339359979_6d742660b8_n.jpg,roses,roses,sunflowers,False,0.46409387383476663
/content/gdrive/My Drive/Colab Notebooks/Assignment/flower_photos/dandelion/16953818045_fea21c8bf8.jpg,dandelion,dandelion,dandelion,True,0.9060031919559864
/content/gdrive/My Drive/Colab Notebooks/Assignment/flower_photos/tulips/6948277038_89d7ff42e2_m.jpg,tulips,tulips,sunflowers,False,0.3776733865050311
/content/gdrive/My Drive/Colab Notebooks/Assignment/flower_photos/roses/17040847367_b54d05bf52.jpg,roses,roses,tulips,False,0.4828759361393454
/content/gdrive/My Drive/Colab Notebooks/Assignment/flower_photos/daisy/8085329197_41d53a21e2_n.jpg,daisy,daisy,daisy,True,0.48937134045120056
/content/gdrive/My Drive/Colab Notebooks/Assignment/flower_photos/tulips/14093907931_dd8f642574.jpg,tulips,tulips,tulips,True,0.6396768200185973
/content/gdrive/My Drive/Colab Notebooks/Assignment/flower_photos/tulips/3105702091_f02ce75226.jpg,tulips,tulips,tulips,True,0.3842008752057853
/content/gdrive/My Drive/Colab Notebooks/Assignment/flower_photos/tulips/112334842_3ecf7585dd.jpg,tulips,tulips,daisy,False,0.48243772283928704
/content/gdrive/My Drive/Colab Notebooks/Assignment/flower_photos/sunflowers/4042816698_578a1d599e.jpg,sunflowers,sunflowers,sunflowers,True,0.46864426213340954
/content/gdrive/My Drive/Colab Notebooks/Assignment/flower_photos/roses/15802657001_40fe77c030_m.jpg,roses,roses,roses,True,0.6245191003106866
/content/gdrive/My Drive/Colab Notebooks/Assignment/flower_photos/roses/3742168238_d961937e68_n.jpg,roses,roses,roses,True,0.6936768848904982
/content/gdrive/My Drive/Colab Notebooks/Assignment/flower_photos/sunflowers/2996573407_5e473b9359.jpg,sunflowers,sunflowers,daisy,False,0.2668267572809451
/content/gdrive/My Drive/Colab Notebooks/Assignment/flower_photos/sunflowers/6198569425_e953b9e6cc_m.jpg,sunflowers,sunflowers,sunflowers,True,0.5623177917935003
/content/gdrive/My Drive/Colab Notebooks/Assignment/flower_photos/sunflowers/39271782_b4335d09ae_n.jpg,sunflowers,sunflowers,roses,False,0.603046627806098
/content/gdrive/My Drive/Colab Notebooks/Assignment/flower_photos/sunflowers/9445830851_e9a126fd1d_n.jpg,sunflowers,sunflowers,dandelion,False,0.3560370476648511
/content/gdrive/My Drive/Colab Notebooks/Assignment/flower_photos/sunflowers/4932736308_827012cff2.jpg,sunflowers,sunflowers,sunflowers,True,0.3836838714626252
/content/gdrive/My Drive/Colab Notebooks/Assignment/flower_photos/roses/4356781875_92c5cd93c0.jpg,roses,roses,sunflowers,False,0.4050924723617193
/content/gdrive/My Drive/Colab Notebooks/Assignment/flower_photos/dandelion/2465442759_d4532a57a3.jpg,dandelion,dandelion,sunflowers,False,0.42856474573646536
/content/gdrive/My Drive/Colab Notebooks/Assignment/flower_photos/tulips/8713397694_bcbcbba2c2_n.jpg,tulips,tulips,tulips,True,0.6888249706149115
/content/gdrive/My Drive/Colab Notebooks/Assignment/flower_photos/roses/6363976189_e7155e5f9c.jpg,roses,roses,roses,True,0.5145576849905698
/content/gdrive/My Drive/Colab Notebooks/Assignment/flower_photos/sunflowers/15081164641_45a7b92b3a_m.jpg,sunflowers,sunflowers,roses,False,0.6389006318773564
/content/gdrive/My Drive/Colab Notebooks/Assignment/flower_photos/tulips/7166635566_ee240b5408_n.jpg,tulips,tulips,sunflowers,False,0.35847467474987277
/content/gdrive/My Drive/Colab Notebooks/Assignment/flower_photos/daisy/2408024540_37f0be7cc0_n.jpg,daisy,daisy,daisy,True,0.48810947186443326
/content/gdrive/My Drive/Colab Notebooks/Assignment/flower_photos/daisy/5673728_71b8cb57eb.jpg,daisy,daisy,daisy,True,0.4284155534867582
/content/gdrive/My Drive/Colab Notebooks/Assignment/flower_photos/roses/3663244576_97f595cf4a.jpg,roses,roses,roses,True,0.6137678126967822
/content/gdrive/My Drive/Colab Notebooks/Assignment/flower_photos/sunflowers/22405887122_75eda1872f_m.jpg,sunflowers,sunflowers,sunflowers,True,0.30014008051264063
/content/gdrive/My Drive/Colab Notebooks/Assignment/flower_photos/roses/3115889021_053f3b8e5a.jpg,roses,roses,sunflowers,False,0.7194363887434437
/content/gdrive/My Drive/Colab Notebooks/Assignment/flower_photos/dandelion/14283011_3e7452c5b2_n.jpg,dandelion,dandelion,dandelion,True,0.5681677084944158
/content/gdrive/My Drive/Colab Notebooks/Assignment/flower_photos/roses/18220342690_f1c20134bd.jpg,roses,roses,dandelion,False,0.3178560547157469
/content/gdrive/My Drive/Colab Notebooks/Assignment/flower_photos/dandelion/458011386_ec89115a19.jpg,dandelion,dandelion,roses,False,0.2993214312439952
/content/gdrive/My Drive/Colab Notebooks/Assignment/flower_photos/tulips/14053292975_fdc1093571_n.jpg,tulips,tulips,tulips,True,0.35329284840273495
/content/gdrive/My Drive/Colab Notebooks/Assignment/flower_photos/roses/898102603_2d5152f09a.jpg,roses,roses,dandelion,False,0.319413890314939
/content/gdrive/My Drive/Colab Notebooks/Assignment/flower_photos/sunflowers/4019748730_ee09b39a43.jpg,sunflowers,sunflowers,dandelion,False,0.3248376379283084
/content/gdrive/My Drive/Colab Notebooks/Assignment/flower_photos/daisy/8619103877_d8c82c5f34_n.jpg,daisy,daisy,daisy,True,0.28894178363208156
/content/gdrive/My Drive/Colab Notebooks/Assignment/flower_photos/tulips/14866400927_3a59899df3_m.jpg,tulips,tulips,tulips,True,0.6369042116716516
/content/gdrive/My Drive/Colab Notebooks/Assignment/flower_photos/tulips/13910719110_1b21d1fc81.jpg,tulips,tulips,tulips,True,0.4862759908112001
/content/gdrive/My Drive/Colab Notebooks/Assignment/flower_photos/roses/21413573151_e681c6a97a.jpg,roses,roses,tulips,False,0.356375542648421
/content/gdrive/My Drive/Colab Notebooks/Assignment/flower_photos/dandelion/17220096449_0e535989f0_n.jpg,dandelion,dandelion,dandelion,True,0.693626163044875
/content/gdrive/My Drive/Colab Notebooks/Assignment/flower_photos/dandelion/4606893762_c2f26c7e91_n.jpg,dandelion,dandelion,dandelion,True,0.4686649185423177
/content/gdrive/My Drive/Colab Notebooks/Assignment/flower_photos/dandelion/18342918441_b1bb69a2fd_n.jpg,dandelion,dandelion,dandelion,True,0.45370203794385205
/content/gdrive/My Drive/Colab Notebooks/Assignment/flower_photos/tulips/16282277874_b92776b194.jpg,tulips,tulips,daisy,False,0.3445521987864795
/content/gdrive/My Drive/Colab Notebooks/Assignment/flower_photos/dandelion/7355522_b66e5d3078_m.jpg,dandelion,dandelion,roses,False,0.5811980339983817
/content/gdrive/My Drive/Colab Notebooks/Assignment/flower_photos/daisy/4858518329_7563eb0baa_m.jpg,daisy,daisy,sunflowers,False,0.779438136954045
/content/gdrive/My Drive/Colab Notebooks/Assignment/flower_photos/dandelion/17388697431_0d84c427d1_n.jpg,dandelion,dandelion,daisy,False,0.42051429639145727
/content/gdrive/My Drive/Colab Notebooks/Assignment/flower_photos/daisy/16161045294_70c76ce846_n.jpg,daisy,daisy,roses,False,0.4943191077341151
/content/gdrive/My Drive/Colab Notebooks/Assignment/flower_photos/roses/2409069862_b128ee2a71.jpg,roses,roses,dandelion,False,0.3878599363119413
/content/gdrive/My Drive/Colab Notebooks/Assignment/flower_photos/tulips/8712269349_2b933da2b8_n.jpg,tulips,tulips,tulips,True,0.8834894113770287
/content/gdrive/My Drive/Colab Notebooks/Assignment/flower_photos/dandelion/14021281124_89cc388eac_n.jpg,dandelion,dandelion,dandelion,True,0.638250245012543
/content/gdrive/My Drive/Colab Notebooks/Assignment/flower_photos/dandelion/8980266062_8387f6cc89.jpg,dandelion,dandelion,dandelion,True,0.8574291264854752
/content/gdrive/My Drive/Colab Notebooks/Assignment/flower_photos/sunflowers/4933229889_c5d9e36392.jpg,sunflowers,sunflowers,sunflowers,True,0.32765515914778925
/content/gdrive/My Drive/Colab Notebooks/Assignment/flower_photos/dandelion/130733200_fbe28eea19.jpg,dandelion,dandelion,tulips,False,0.5961118871192816
/content/gdrive/My Drive/Colab Notebooks/Assignment/flower_photos/tulips/130684941_d1abfa3be6_m.jpg,tulips,tulips,dandelion,False,0.2679165932333937
/content/gdrive/My Drive/Colab Notebooks/Assignment/flower_photos/daisy/3326037909_b5ae370722_n.jpg,daisy,daisy,dandelion,False,0.36984294199484896
/content/gdrive/My Drive/Colab Notebooks/Assignment/flower_photos/sunflowers/2979297519_17a08b37f6_m.jpg,sunflowers,sunflowers,roses,False,0.5130286939086126
/content/gdrive/My Drive/Colab Notebooks/Assignment/flower_photos/sunflowers/3838274225_36010c6254_n.jpg,sunflowers,sunflowers,tulips,False,0.3809509373674003
/content/gdrive/My Drive/Colab Notebooks/Assignment/flower_photos/dandelion/4510350093_3700064215.jpg,dandelion,dandelion,dandelion,True,0.541339362468773
/content/gdrive/My Drive/Colab Notebooks/Assignment/flower_photos/daisy/4820415253_15bc3b6833_n.jpg,daisy,daisy,roses,False,0.360050520167622
/content/gdrive/My Drive/Colab Notebooks/Assignment/flower_photos/roses/410425647_4586667858.jpg,roses,roses,sunflowers,False,0.5565686397622703
/content/gdrive/My Drive/Colab Notebooks/Assignment/flower_photos/tulips/13513846963_c3d5e9fb1d_n.jpg,tulips,tulips,sunflowers,False,0.4747788652111021
/content/gdrive/My Drive/Colab Notebooks/Assignment/flower_photos/dandelion/8058286066_acdf082487_n.jpg,dandelion,dandelion,dandelion,True,0.3853548517406627
/content/gdrive/My Drive/Colab Notebooks/Assignment/flower_photos/dandelion/17147436650_c94ae24004_n.jpg,dandelion,dandelion,dandelion,True,0.6140854818209684
/content/gdrive/My Drive/Colab Notebooks/Assignment/flower_photos/daisy/14591326135_930703dbed_m.jpg,daisy,daisy,daisy,True,0.36923156288628284
/content/gdrive/My Drive/Colab Notebooks/Assignment/flower_photos/roses/3264570182_c7ded528ba_m.jpg,roses,roses,roses,True,0.4776643683510214
/content/gdrive/My Drive/Colab Notebooks/Assignment/flower_photos/roses/6879112993_5a29208438_n.jpg,roses,roses,dandelion,False,0.28390245263093405
/content/gdrive/My Drive/Colab Notebooks/Assignment/flower_photos/tulips/7806320016_fcddfc1f8f_n.jpg,tulips,tulips,roses,False,0.456423156684171
/content/gdrive/My Drive/Colab Notebooks/Assignment/flower_photos/dandelion/14375349004_68d893254a_n.jpg,dandelion,dandelion,dandelion,True,0.7951360549733363
/content/gdrive/My Drive/Colab Notebooks/Assignment/flower_photos/tulips/4578030672_e6aefd45af.jpg,tulips,tulips,daisy,False,0.34064587132226476
/content/gdrive/My Drive/Colab Notebooks/Assignment/flower_photos/dandelion/8739657154_6db14796c9.jpg,dandelion,dandelion,tulips,False,0.6990529006366488
/content/gdrive/My Drive/Colab Notebooks/Assignment/flower_photos/dandelion/141340262_ca2e576490.jpg,dandelion,dandelion,tulips,False,0.46063199354487483
/content/gdrive/My Drive/Colab Notebooks/Assignment/flower_photos/dandelion/4574737576_044403a997_n.jpg,dandelion,dandelion,tulips,False,0.3832861037904812
/content/gdrive/My Drive/Colab Notebooks/Assignment/flower_photos/roses/5182167964_9d1a0be0b8_n.jpg,roses,roses,roses,True,0.449651901501115
/content/gdrive/My Drive/Colab Notebooks/Assignment/flower_photos/daisy/14219214466_3ca6104eae_m.jpg,daisy,daisy,daisy,True,0.6573054513088812
/content/gdrive/My Drive/Colab Notebooks/Assignment/flower_photos/tulips/14084749296_6143c74c72_m.jpg,tulips,tulips,dandelion,False,0.4274118521938344
/content/gdrive/My Drive/Colab Notebooks/Assignment/flower_photos/sunflowers/8929274876_17efc1774a_n.jpg,sunflowers,sunflowers,daisy,False,0.35057116628481105
/content/gdrive/My Drive/Colab Notebooks/Assignment/flower_photos/roses/2065522422_cfdd80044a_n.jpg,roses,roses,roses,True,0.42982912306709453
/content/gdrive/My Drive/Colab Notebooks/Assignment/flower_photos/sunflowers/8368015811_2893411cf7_n.jpg,sunflowers,sunflowers,roses,False,0.46370388749921543
/content/gdrive/My Drive/Colab Notebooks/Assignment/flower_photos/daisy/10994032453_ac7f8d9e2e.jpg,daisy,daisy,tulips,False,0.44758635831311516
/content/gdrive/My Drive/Colab Notebooks/Assignment/flower_photos/tulips/14671196461_b725727229_m.jpg,tulips,tulips,tulips,True,0.3233642644486057
/content/gdrive/My Drive/Colab Notebooks/Assignment/flower_photos/daisy/10172636503_21bededa75_n.jpg,daisy,daisy,tulips,False,0.34627848100585795
/content/gdrive/My Drive/Colab Notebooks/Assignment/flower_photos/tulips/113960470_38fab8f2fb_m.jpg,tulips,tulips,daisy,False,0.34841702421954723
/content/gdrive/My Drive/Colab Notebooks/Assignment/flower_photos/daisy/3639009391_0f910681b7.jpg,daisy,daisy,daisy,True,0.34315155257796837
/content/gdrive/My Drive/Colab Notebooks/Assignment/flower_photos/dandelion/10919961_0af657c4e8.jpg,dandelion,dandelion,sunflowers,False,0.45182443737115224
/content/gdrive/My Drive/Colab Notebooks/Assignment/flower_photos/roses/4093390305_4010c736c9.jpg,roses,roses,roses,True,0.5538558966082233
/content/gdrive/My Drive/Colab Notebooks/Assignment/flower_photos/dandelion/284497199_93a01f48f6.jpg,dandelion,dandelion,dandelion,True,0.618744352222677
/content/gdrive/My Drive/Colab Notebooks/Assignment/flower_photos/daisy/5948835387_5a98d39eff_m.jpg,daisy,daisy,dandelion,False,0.36092396432332124
/content/gdrive/My Drive/Colab Notebooks/Assignment/flower_photos/tulips/13976206001_fd1c2cbd60.jpg,tulips,tulips,dandelion,False,0.3053274695152545
/content/gdrive/My Drive/Colab Notebooks/Assignment/flower_photos/roses/5061135742_2870a7b691_n.jpg,roses,roses,roses,True,0.9319562495521636
/content/gdrive/My Drive/Colab Notebooks/Assignment/flower_photos/tulips/2481015475_b71a12917d.jpg,tulips,tulips,daisy,False,0.32709197349831154
/content/gdrive/My Drive/Colab Notebooks/Assignment/flower_photos/sunflowers/6627521877_6e43fb3c49_m.jpg,sunflowers,sunflowers,sunflowers,True,0.48735185244091395
/content/gdrive/My Drive/Colab Notebooks/Assignment/flower_photos/tulips/5388013398_09a8a0f166_m.jpg,tulips,tulips,roses,False,0.4294358064096863
/content/gdrive/My Drive/Colab Notebooks/Assignment/flower_photos/roses/6241886381_cc722785af.jpg,roses,roses,roses,True,0.5344125163134271
/content/gdrive/My Drive/Colab Notebooks/Assignment/flower_photos/dandelion/18587334446_ef1021909b_n.jpg,dandelion,dandelion,daisy,False,0.6523032721509706
/content/gdrive/My Drive/Colab Notebooks/Assignment/flower_photos/sunflowers/16832961488_5f7e70eb5e_n.jpg,sunflowers,sunflowers,dandelion,False,0.29622624340301107
/content/gdrive/My Drive/Colab Notebooks/Assignment/flower_photos/tulips/15452909878_0c4941f729_m.jpg,tulips,tulips,roses,False,0.5437571242852832
/content/gdrive/My Drive/Colab Notebooks/Assignment/flower_photos/roses/5332550500_ab341aefd8.jpg,roses,roses,sunflowers,False,0.3763340003734799
/content/gdrive/My Drive/Colab Notebooks/Assignment/flower_photos/sunflowers/40410814_fba3837226_n.jpg,sunflowers,sunflowers,sunflowers,True,0.7221881318102763
/content/gdrive/My Drive/Colab Notebooks/Assignment/flower_photos/dandelion/8979062599_86cac547b8.jpg,dandelion,dandelion,dandelion,True,0.7904881677590309
/content/gdrive/My Drive/Colab Notebooks/Assignment/flower_photos/sunflowers/9699724719_a8439cc0fd_n.jpg,sunflowers,sunflowers,tulips,False,0.4177346287822683
/content/gdrive/My Drive/Colab Notebooks/Assignment/flower_photos/roses/6347846935_51e3dc2481_n.jpg,roses,roses,roses,True,0.41346051250922555
/content/gdrive/My Drive/Colab Notebooks/Assignment/flower_photos/dandelion/4622115595_a0de9f2013_n.jpg,dandelion,dandelion,dandelion,True,0.6557728667953874
/content/gdrive/My Drive/Colab Notebooks/Assignment/flower_photos/sunflowers/265450085_6e9f276e2e.jpg,sunflowers,sunflowers,sunflowers,True,0.42849354887846136
/content/gdrive/My Drive/Colab Notebooks/Assignment/flower_photos/dandelion/10294487385_92a0676c7d_m.jpg,dandelion,dandelion,sunflowers,False,0.5553095468901201
/content/gdrive/My Drive/Colab Notebooks/Assignment/flower_photos/tulips/137126311_debe64c6a8_n.jpg,tulips,tulips,roses,False,0.31033168268371203
/content/gdrive/My Drive/Colab Notebooks/Assignment/flower_photos/daisy/5602738326_97121e007d_n.jpg,daisy,daisy,daisy,True,0.2987123182465856
/content/gdrive/My Drive/Colab Notebooks/Assignment/flower_photos/tulips/8713407768_f880df361f.jpg,tulips,tulips,tulips,True,0.9210336718911604
/content/gdrive/My Drive/Colab Notebooks/Assignment/flower_photos/tulips/12163418275_bd6a1edd61.jpg,tulips,tulips,tulips,True,0.760523085364887
/content/gdrive/My Drive/Colab Notebooks/Assignment/flower_photos/dandelion/8681420404_6ae114f036_n.jpg,dandelion,dandelion,dandelion,True,0.5796021556565205
/content/gdrive/My Drive/Colab Notebooks/Assignment/flower_photos/roses/3621011057_0d03bd171b_n.jpg,roses,roses,roses,True,0.34742512334674736
/content/gdrive/My Drive/Colab Notebooks/Assignment/flower_photos/sunflowers/14144522269_bc20029375_m.jpg,sunflowers,sunflowers,dandelion,False,0.3773253680695445
/content/gdrive/My Drive/Colab Notebooks/Assignment/flower_photos/roses/9633056561_6f1b7e8faf_m.jpg,roses,roses,sunflowers,False,0.5030465029428234
/content/gdrive/My Drive/Colab Notebooks/Assignment/flower_photos/dandelion/8759118120_9eac064e38_n.jpg,dandelion,dandelion,dandelion,True,0.7790789945877219
/content/gdrive/My Drive/Colab Notebooks/Assignment/flower_photos/dandelion/19613308325_a67792d889.jpg,dandelion,dandelion,tulips,False,0.7705884774707533
/content/gdrive/My Drive/Colab Notebooks/Assignment/flower_photos/dandelion/2516714633_87f28f0314.jpg,dandelion,dandelion,dandelion,True,0.5461239518671064
/content/gdrive/My Drive/Colab Notebooks/Assignment/flower_photos/tulips/8838347159_746d14e6c1_m.jpg,tulips,tulips,tulips,True,0.38810308958728307
/content/gdrive/My Drive/Colab Notebooks/Assignment/flower_photos/daisy/4534460263_8e9611db3c_n.jpg,daisy,daisy,dandelion,False,0.3945727542165657
/content/gdrive/My Drive/Colab Notebooks/Assignment/flower_photos/sunflowers/9216286162_6ceefdd1b4_m.jpg,sunflowers,sunflowers,dandelion,False,0.3822913236750204
/content/gdrive/My Drive/Colab Notebooks/Assignment/flower_photos/sunflowers/4933229479_c1708bd503.jpg,sunflowers,sunflowers,tulips,False,0.6162415018870366
/content/gdrive/My Drive/Colab Notebooks/Assignment/flower_photos/dandelion/141652526_2be95f21c3_n.jpg,dandelion,dandelion,dandelion,True,0.9235869656425078
/content/gdrive/My Drive/Colab Notebooks/Assignment/flower_photos/dandelion/14076873230_d0bd53b220.jpg,dandelion,dandelion,dandelion,True,0.8394517819544665
/content/gdrive/My Drive/Colab Notebooks/Assignment/flower_photos/dandelion/19961979110_fcd8092388_m.jpg,dandelion,dandelion,dandelion,True,0.7215153951225984
/content/gdrive/My Drive/Colab Notebooks/Assignment/flower_photos/dandelion/5744236092_de84b4e38d_n.jpg,dandelion,dandelion,dandelion,True,0.6489083448507188
/content/gdrive/My Drive/Colab Notebooks/Assignment/flower_photos/daisy/5133243796_44de429de5_m.jpg,daisy,daisy,daisy,True,0.34201306326865133
/content/gdrive/My Drive/Colab Notebooks/Assignment/flower_photos/roses/8562144481_1d629848ff.jpg,roses,roses,tulips,False,0.36232053563077904
/content/gdrive/My Drive/Colab Notebooks/Assignment/flower_photos/tulips/14099204939_60e6ffa4c3_n.jpg,tulips,tulips,roses,False,0.2594795307796653
/content/gdrive/My Drive/Colab Notebooks/Assignment/flower_photos/dandelion/4691257171_23a29aaa33_n.jpg,dandelion,dandelion,dandelion,True,0.3692173289161804
/content/gdrive/My Drive/Colab Notebooks/Assignment/flower_photos/daisy/12891819633_e4c82b51e8.jpg,daisy,daisy,dandelion,False,0.42162029513748767
/content/gdrive/My Drive/Colab Notebooks/Assignment/flower_photos/sunflowers/6050020905_881295ac72_n.jpg,sunflowers,sunflowers,sunflowers,True,0.3415109207555652
/content/gdrive/My Drive/Colab Notebooks/Assignment/flower_photos/tulips/8555123165_2fe57eff4f.jpg,tulips,tulips,tulips,True,0.27360104041167654
/content/gdrive/My Drive/Colab Notebooks/Assignment/flower_photos/dandelion/15268682367_5a4512b29f_m.jpg,dandelion,dandelion,dandelion,True,0.3439783331700735
/content/gdrive/My Drive/Colab Notebooks/Assignment/flower_photos/dandelion/9759608055_9ab623d193.jpg,dandelion,dandelion,dandelion,True,0.34637252566417503
/content/gdrive/My Drive/Colab Notebooks/Assignment/flower_photos/dandelion/8724252904_db9a5104df_m.jpg,dandelion,dandelion,dandelion,True,0.4384769742456146
/content/gdrive/My Drive/Colab Notebooks/Assignment/flower_photos/tulips/506350421_2ba59e568e_m.jpg,tulips,tulips,sunflowers,False,0.5703208330412802
/content/gdrive/My Drive/Colab Notebooks/Assignment/flower_photos/daisy/4654579740_6671a53627_m.jpg,daisy,daisy,sunflowers,False,0.5072409804815666
/content/gdrive/My Drive/Colab Notebooks/Assignment/flower_photos/roses/8036594516_69a7da5f73_m.jpg,roses,roses,sunflowers,False,0.4251500096411744
/content/gdrive/My Drive/Colab Notebooks/Assignment/flower_photos/daisy/3285641623_da0e47f49a.jpg,daisy,daisy,daisy,True,0.712223017614009
/content/gdrive/My Drive/Colab Notebooks/Assignment/flower_photos/dandelion/2634665077_597910235f_m.jpg,dandelion,dandelion,roses,False,0.3495479048701178
/content/gdrive/My Drive/Colab Notebooks/Assignment/flower_photos/tulips/14487712670_aebe715525_m.jpg,tulips,tulips,sunflowers,False,0.39624610244580555
/content/gdrive/My Drive/Colab Notebooks/Assignment/flower_photos/sunflowers/2443095419_17b920d155_m.jpg,sunflowers,sunflowers,sunflowers,True,0.5572547411967904
/content/gdrive/My Drive/Colab Notebooks/Assignment/flower_photos/daisy/2713919471_301fcc941f.jpg,daisy,daisy,roses,False,0.3976953607668556
/content/gdrive/My Drive/Colab Notebooks/Assignment/flower_photos/tulips/16862351376_f0fcc6fc91_n.jpg,tulips,tulips,tulips,True,0.8606069794634648
/content/gdrive/My Drive/Colab Notebooks/Assignment/flower_photos/daisy/18635898912_eb8e058ef0.jpg,daisy,daisy,tulips,False,0.4845025438862758
/content/gdrive/My Drive/Colab Notebooks/Assignment/flower_photos/daisy/2351206867_084e57bd97.jpg,daisy,daisy,roses,False,0.4387945023458826
/content/gdrive/My Drive/Colab Notebooks/Assignment/flower_photos/dandelion/9011235009_58c7b244c1_n.jpg,dandelion,dandelion,dandelion,True,0.4064613193632508
/content/gdrive/My Drive/Colab Notebooks/Assignment/flower_photos/tulips/14067761295_7cfe6a42e9.jpg,tulips,tulips,sunflowers,False,0.7005072266807928
/content/gdrive/My Drive/Colab Notebooks/Assignment/flower_photos/roses/272481307_1eb47ba3e0_n.jpg,roses,roses,daisy,False,0.26585749666760405
/content/gdrive/My Drive/Colab Notebooks/Assignment/flower_photos/sunflowers/274846229_990e976683_n.jpg,sunflowers,sunflowers,sunflowers,True,0.6589745343015082
/content/gdrive/My Drive/Colab Notebooks/Assignment/flower_photos/dandelion/2780702427_312333ef33.jpg,dandelion,dandelion,dandelion,True,0.6228435345842257
/content/gdrive/My Drive/Colab Notebooks/Assignment/flower_photos/roses/5731750490_ba3325b7ee_n.jpg,roses,roses,roses,True,0.4620894385264101
/content/gdrive/My Drive/Colab Notebooks/Assignment/flower_photos/dandelion/13942846777_5571a6b0a1_n.jpg,dandelion,dandelion,dandelion,True,0.8726474095429088
/content/gdrive/My Drive/Colab Notebooks/Assignment/flower_photos/roses/18599603859_f2ec616ddf_n.jpg,roses,roses,daisy,False,0.28341532315312684
/content/gdrive/My Drive/Colab Notebooks/Assignment/flower_photos/daisy/1314069875_da8dc023c6_m.jpg,daisy,daisy,dandelion,False,0.4885324727797557
/content/gdrive/My Drive/Colab Notebooks/Assignment/flower_photos/daisy/15784493690_b1858cdb2b_n.jpg,daisy,daisy,daisy,True,0.6717692841882
/content/gdrive/My Drive/Colab Notebooks/Assignment/flower_photos/tulips/391477275_7c2f50a1a7_m.jpg,tulips,tulips,dandelion,False,0.5041392542400986
/content/gdrive/My Drive/Colab Notebooks/Assignment/flower_photos/daisy/10841136265_af473efc60.jpg,daisy,daisy,daisy,True,0.5863701887502027
/content/gdrive/My Drive/Colab Notebooks/Assignment/flower_photos/sunflowers/14921668662_3ffc5b9db3_n.jpg,sunflowers,sunflowers,dandelion,False,0.35659387001570797
/content/gdrive/My Drive/Colab Notebooks/Assignment/flower_photos/sunflowers/20777358950_c63ea569a1.jpg,sunflowers,sunflowers,tulips,False,0.34296991580478786
/content/gdrive/My Drive/Colab Notebooks/Assignment/flower_photos/tulips/13974542496_e4b5d1c913_n.jpg,tulips,tulips,tulips,True,0.4324814233424513
/content/gdrive/My Drive/Colab Notebooks/Assignment/flower_photos/tulips/4522764992_e9d70b82c1_m.jpg,tulips,tulips,daisy,False,0.2976578311178307
/content/gdrive/My Drive/Colab Notebooks/Assignment/flower_photos/roses/3407482427_49d5c75291_m.jpg,roses,roses,roses,True,0.7848560785331035
/content/gdrive/My Drive/Colab Notebooks/Assignment/flower_photos/sunflowers/8174935717_d19367d502.jpg,sunflowers,sunflowers,sunflowers,True,0.3557012929781614
/content/gdrive/My Drive/Colab Notebooks/Assignment/flower_photos/dandelion/10778387133_9141024b10.jpg,dandelion,dandelion,dandelion,True,0.3965023198766453
/content/gdrive/My Drive/Colab Notebooks/Assignment/flower_photos/dandelion/3991962484_085ba2da94.jpg,dandelion,dandelion,dandelion,True,0.7538539538495906
/content/gdrive/My Drive/Colab Notebooks/Assignment/flower_photos/daisy/799964360_7e07a227ea_n.jpg,daisy,daisy,tulips,False,0.509642164296015
/content/gdrive/My Drive/Colab Notebooks/Assignment/flower_photos/sunflowers/4664737020_b4c61aacd3_n.jpg,sunflowers,sunflowers,sunflowers,True,0.5014476222724477
/content/gdrive/My Drive/Colab Notebooks/Assignment/flower_photos/tulips/924782410_94ed7913ca_m.jpg,tulips,tulips,tulips,True,0.8161366105531833
/content/gdrive/My Drive/Colab Notebooks/Assignment/flower_photos/sunflowers/14741813010_5d44e33088_n.jpg,sunflowers,sunflowers,sunflowers,True,0.4207942380902704
/content/gdrive/My Drive/Colab Notebooks/Assignment/flower_photos/sunflowers/23286304156_3635f7de05.jpg,sunflowers,sunflowers,sunflowers,True,0.5073856633759902
/content/gdrive/My Drive/Colab Notebooks/Assignment/flower_photos/dandelion/8733226215_161309f8ec.jpg,dandelion,dandelion,dandelion,True,0.8256650067047161
/content/gdrive/My Drive/Colab Notebooks/Assignment/flower_photos/dandelion/4638438929_2ec76083c8_m.jpg,dandelion,dandelion,dandelion,True,0.48790147732127803
/content/gdrive/My Drive/Colab Notebooks/Assignment/flower_photos/roses/9369421752_db1ab2a6a4_m.jpg,roses,roses,sunflowers,False,0.3365939066477244
/content/gdrive/My Drive/Colab Notebooks/Assignment/flower_photos/tulips/6808860548_53796b90ca_n.jpg,tulips,tulips,tulips,True,0.5544218398276386
/content/gdrive/My Drive/Colab Notebooks/Assignment/flower_photos/dandelion/10617162044_8740d4dd9f_n.jpg,dandelion,dandelion,dandelion,True,0.7649641629833311
/content/gdrive/My Drive/Colab Notebooks/Assignment/flower_photos/daisy/1355787476_32e9f2a30b.jpg,daisy,daisy,roses,False,0.36381908568054705
/content/gdrive/My Drive/Colab Notebooks/Assignment/flower_photos/dandelion/2518321294_dde5aa7c20_m.jpg,dandelion,dandelion,sunflowers,False,0.4012587942878354
/content/gdrive/My Drive/Colab Notebooks/Assignment/flower_photos/sunflowers/20407896403_a50fef58ac_n.jpg,sunflowers,sunflowers,dandelion,False,0.5262634865157542
/content/gdrive/My Drive/Colab Notebooks/Assignment/flower_photos/tulips/3558517884_0c7ca8b862_m.jpg,tulips,tulips,tulips,True,0.4827802953286205
/content/gdrive/My Drive/Colab Notebooks/Assignment/flower_photos/tulips/16485607329_e66d5960bc_m.jpg,tulips,tulips,sunflowers,False,0.4618707211452928
/content/gdrive/My Drive/Colab Notebooks/Assignment/flower_photos/roses/5570018782_c56bee942f.jpg,roses,roses,roses,True,0.628028310406928
/content/gdrive/My Drive/Colab Notebooks/Assignment/flower_photos/dandelion/5644234724_cb0917ee33_m.jpg,dandelion,dandelion,dandelion,True,0.6609446090927787
/content/gdrive/My Drive/Colab Notebooks/Assignment/flower_photos/tulips/14651385476_7ccb20e594_m.jpg,tulips,tulips,daisy,False,0.36287966476264316
/content/gdrive/My Drive/Colab Notebooks/Assignment/flower_photos/dandelion/19506262462_d0945c14a6.jpg,dandelion,dandelion,dandelion,True,0.26701158532361335
/content/gdrive/My Drive/Colab Notebooks/Assignment/flower_photos/tulips/2399982682_16929d1f6d_n.jpg,tulips,tulips,daisy,False,0.415019138696188
/content/gdrive/My Drive/Colab Notebooks/Assignment/flower_photos/daisy/2561352120_7961d8263f.jpg,daisy,daisy,dandelion,False,0.4923489608867463
/content/gdrive/My Drive/Colab Notebooks/Assignment/flower_photos/sunflowers/9461693602_710f20904f.jpg,sunflowers,sunflowers,daisy,False,0.4701198844486845
/content/gdrive/My Drive/Colab Notebooks/Assignment/flower_photos/tulips/5633266048_4f4bfb2cf1_n.jpg,tulips,tulips,tulips,True,0.7281134601054731
/content/gdrive/My Drive/Colab Notebooks/Assignment/flower_photos/sunflowers/14646283472_50a3ae1395.jpg,sunflowers,sunflowers,sunflowers,True,0.5842197008375407
/content/gdrive/My Drive/Colab Notebooks/Assignment/flower_photos/roses/8723767157_c45bfd3ab6.jpg,roses,roses,sunflowers,False,0.6448726551383103
/content/gdrive/My Drive/Colab Notebooks/Assignment/flower_photos/daisy/4610018126_21f438d2dc_m.jpg,daisy,daisy,dandelion,False,0.2886223660718806
/content/gdrive/My Drive/Colab Notebooks/Assignment/flower_photos/dandelion/14053173516_a00150a919_m.jpg,dandelion,dandelion,dandelion,True,0.5456776781429987
/content/gdrive/My Drive/Colab Notebooks/Assignment/flower_photos/sunflowers/2697194548_ec8f8de97c_n.jpg,sunflowers,sunflowers,sunflowers,True,0.3713576661751165
/content/gdrive/My Drive/Colab Notebooks/Assignment/flower_photos/tulips/132538273_335240fe5b_n.jpg,tulips,tulips,roses,False,0.44730609576360747
/content/gdrive/My Drive/Colab Notebooks/Assignment/flower_photos/sunflowers/8481979626_98c9f88848_n.jpg,sunflowers,sunflowers,sunflowers,True,0.5161311012335333
/content/gdrive/My Drive/Colab Notebooks/Assignment/flower_photos/tulips/3476945045_97ff41e8ec_n.jpg,tulips,tulips,sunflowers,False,0.40939801710898244
/content/gdrive/My Drive/Colab Notebooks/Assignment/flower_photos/dandelion/7243174412_d3628e4cc4_m.jpg,dandelion,dandelion,dandelion,True,0.9214936206255552
/content/gdrive/My Drive/Colab Notebooks/Assignment/flower_photos/daisy/4561871220_47f420ca59_m.jpg,daisy,daisy,daisy,True,0.44432608268602486
/content/gdrive/My Drive/Colab Notebooks/Assignment/flower_photos/dandelion/5129135346_3fa8e804d8_n.jpg,dandelion,dandelion,dandelion,True,0.3867630845421014
/content/gdrive/My Drive/Colab Notebooks/Assignment/flower_photos/tulips/4522153453_06437ca3af_m.jpg,tulips,tulips,roses,False,0.5190204678729623
/content/gdrive/My Drive/Colab Notebooks/Assignment/flower_photos/tulips/5674707464_dc18de05b1.jpg,tulips,tulips,dandelion,False,0.4320713883131737
/content/gdrive/My Drive/Colab Notebooks/Assignment/flower_photos/daisy/5434914569_e9b982fde0_n.jpg,daisy,daisy,dandelion,False,0.2670184736697954
/content/gdrive/My Drive/Colab Notebooks/Assignment/flower_photos/roses/2535466143_5823e48b63.jpg,roses,roses,roses,True,0.3521233943028004
/content/gdrive/My Drive/Colab Notebooks/Assignment/flower_photos/daisy/14551098743_2842e7a004_n.jpg,daisy,daisy,tulips,False,0.32755199668772406
/content/gdrive/My Drive/Colab Notebooks/Assignment/flower_photos/dandelion/17161833794_e1d92259d2_m.jpg,dandelion,dandelion,dandelion,True,0.8556403417422882
/content/gdrive/My Drive/Colab Notebooks/Assignment/flower_photos/tulips/4263272885_1a49ea5209.jpg,tulips,tulips,tulips,True,0.7703761295444129
/content/gdrive/My Drive/Colab Notebooks/Assignment/flower_photos/daisy/16401288243_36112bd52f_m.jpg,daisy,daisy,sunflowers,False,0.5025463824020122
/content/gdrive/My Drive/Colab Notebooks/Assignment/flower_photos/daisy/4544110929_a7de65d65f_n.jpg,daisy,daisy,roses,False,0.4067126099302286
/content/gdrive/My Drive/Colab Notebooks/Assignment/flower_photos/tulips/8748266132_5298a91dcf_n.jpg,tulips,tulips,tulips,True,0.7397082130804217
/content/gdrive/My Drive/Colab Notebooks/Assignment/flower_photos/dandelion/21657726011_2c94e341bc_n.jpg,dandelion,dandelion,dandelion,True,0.6780037818877027
/content/gdrive/My Drive/Colab Notebooks/Assignment/flower_photos/tulips/8768645961_8f1e097170_n.jpg,tulips,tulips,tulips,True,0.5610815219178938
/content/gdrive/My Drive/Colab Notebooks/Assignment/flower_photos/roses/3451177763_729a4d54af_n.jpg,roses,roses,roses,True,0.7825692625147059
/content/gdrive/My Drive/Colab Notebooks/Assignment/flower_photos/daisy/18442919723_d1251d3e14_n.jpg,daisy,daisy,daisy,True,0.2689528715355083
/content/gdrive/My Drive/Colab Notebooks/Assignment/flower_photos/roses/12562723334_a2e0a9e3c8_n.jpg,roses,roses,roses,True,0.29454658227936686
/content/gdrive/My Drive/Colab Notebooks/Assignment/flower_photos/roses/7455236056_b6d71a8dab.jpg,roses,roses,sunflowers,False,0.39813150412225307
/content/gdrive/My Drive/Colab Notebooks/Assignment/flower_photos/roses/16018886851_c32746cb72.jpg,roses,roses,daisy,False,0.3802626679299207
/content/gdrive/My Drive/Colab Notebooks/Assignment/flower_photos/dandelion/7062171343_db61c92737_n.jpg,dandelion,dandelion,daisy,False,0.36569134887529686
/content/gdrive/My Drive/Colab Notebooks/Assignment/flower_photos/tulips/3510799169_0ed6ae9669_n.jpg,tulips,tulips,tulips,True,0.9297950920047058
/content/gdrive/My Drive/Colab Notebooks/Assignment/flower_photos/dandelion/3393564906_f2df184b76_n.jpg,dandelion,dandelion,dandelion,True,0.7336353205127508
/content/gdrive/My Drive/Colab Notebooks/Assignment/flower_photos/daisy/1374193928_a52320eafa.jpg,daisy,daisy,daisy,True,0.5067779201340729
/content/gdrive/My Drive/Colab Notebooks/Assignment/flower_photos/sunflowers/14881304632_54a9dfb8be.jpg,sunflowers,sunflowers,sunflowers,True,0.46734632652129093
/content/gdrive/My Drive/Colab Notebooks/Assignment/flower_photos/sunflowers/7270375648_79f0caef42_n.jpg,sunflowers,sunflowers,dandelion,False,0.34253858522860053
/content/gdrive/My Drive/Colab Notebooks/Assignment/flower_photos/daisy/18023717391_e2c9089e10.jpg,daisy,daisy,dandelion,False,0.41954987279922734
/content/gdrive/My Drive/Colab Notebooks/Assignment/flower_photos/roses/16691277899_9433f39155_n.jpg,roses,roses,dandelion,False,0.43263326459665574
/content/gdrive/My Drive/Colab Notebooks/Assignment/flower_photos/sunflowers/4933230395_7930697335_m.jpg,sunflowers,sunflowers,sunflowers,True,0.3943395066271964
/content/gdrive/My Drive/Colab Notebooks/Assignment/flower_photos/tulips/8702982836_75222725d7.jpg,tulips,tulips,roses,False,0.5068265902377428
/content/gdrive/My Drive/Colab Notebooks/Assignment/flower_photos/tulips/17199499591_67b64b21ed_m.jpg,tulips,tulips,tulips,True,0.6084627297885781
/content/gdrive/My Drive/Colab Notebooks/Assignment/flower_photos/dandelion/8701999625_8d83138124.jpg,dandelion,dandelion,dandelion,True,0.6447834457080633
/content/gdrive/My Drive/Colab Notebooks/Assignment/flower_photos/roses/6867597533_d65d1c39fb_n.jpg,roses,roses,roses,True,0.33823971822691
/content/gdrive/My Drive/Colab Notebooks/Assignment/flower_photos/tulips/16717320956_d4b00807f2.jpg,tulips,tulips,tulips,True,0.34182769236280564
/content/gdrive/My Drive/Colab Notebooks/Assignment/flower_photos/tulips/3909355648_42cb3a5e09_n.jpg,tulips,tulips,tulips,True,0.8878966520628448
/content/gdrive/My Drive/Colab Notebooks/Assignment/flower_photos/sunflowers/9206376642_8348ba5c7a.jpg,sunflowers,sunflowers,sunflowers,True,0.6876057555651747
/content/gdrive/My Drive/Colab Notebooks/Assignment/flower_photos/tulips/17994129033_bbd0acba62_n.jpg,tulips,tulips,roses,False,0.3728730491471453
/content/gdrive/My Drive/Colab Notebooks/Assignment/flower_photos/roses/2627513944_b1361e60ec_m.jpg,roses,roses,sunflowers,False,0.30337994748629304
/content/gdrive/My Drive/Colab Notebooks/Assignment/flower_photos/daisy/5739768868_9f982684f9_n.jpg,daisy,daisy,roses,False,0.3046178672352727
/content/gdrive/My Drive/Colab Notebooks/Assignment/flower_photos/tulips/7447655334_e8f805ab95_m.jpg,tulips,tulips,tulips,True,0.44094542294530725
/content/gdrive/My Drive/Colab Notebooks/Assignment/flower_photos/daisy/5811226952_4650ed70ae_n.jpg,daisy,daisy,roses,False,0.3626725796989555
/content/gdrive/My Drive/Colab Notebooks/Assignment/flower_photos/tulips/2336919121_851ebc4754.jpg,tulips,tulips,tulips,True,0.6559008754165888
/content/gdrive/My Drive/Colab Notebooks/Assignment/flower_photos/roses/9404876600_04f6d37685.jpg,roses,roses,daisy,False,0.2613266003682891
/content/gdrive/My Drive/Colab Notebooks/Assignment/flower_photos/sunflowers/8929213942_5544191250_n.jpg,sunflowers,sunflowers,tulips,False,0.5595057765264979
/content/gdrive/My Drive/Colab Notebooks/Assignment/flower_photos/sunflowers/5043409092_5b12cc985a_m.jpg,sunflowers,sunflowers,sunflowers,True,0.6827715618579616
/content/gdrive/My Drive/Colab Notebooks/Assignment/flower_photos/dandelion/17903104293_9138439e76.jpg,dandelion,dandelion,dandelion,True,0.5874943685817953
/content/gdrive/My Drive/Colab Notebooks/Assignment/flower_photos/daisy/2901376034_cdb4bac26b_m.jpg,daisy,daisy,daisy,True,0.3423540892661002
/content/gdrive/My Drive/Colab Notebooks/Assignment/flower_photos/tulips/142235017_07816937c6.jpg,tulips,tulips,tulips,True,0.902321658478527
/content/gdrive/My Drive/Colab Notebooks/Assignment/flower_photos/tulips/3511104954_54eace015c_n.jpg,tulips,tulips,tulips,True,0.7384892980677205
/content/gdrive/My Drive/Colab Notebooks/Assignment/flower_photos/daisy/3720632920_93cf1cc7f3_m.jpg,daisy,daisy,daisy,True,0.33293761413872575
/content/gdrive/My Drive/Colab Notebooks/Assignment/flower_photos/tulips/14022473102_3b24ca08cb_m.jpg,tulips,tulips,dandelion,False,0.3435228174358018
/content/gdrive/My Drive/Colab Notebooks/Assignment/flower_photos/dandelion/14126515096_1134fae695.jpg,dandelion,dandelion,roses,False,0.29753223996317474
/content/gdrive/My Drive/Colab Notebooks/Assignment/flower_photos/dandelion/7164500544_332b75aa3b.jpg,dandelion,dandelion,dandelion,True,0.36273462314459376
/content/gdrive/My Drive/Colab Notebooks/Assignment/flower_photos/roses/9609569441_eeb8566e94.jpg,roses,roses,tulips,False,0.34984970240448726
/content/gdrive/My Drive/Colab Notebooks/Assignment/flower_photos/sunflowers/2442985637_8748180f69.jpg,sunflowers,sunflowers,daisy,False,0.2837188245017405
/content/gdrive/My Drive/Colab Notebooks/Assignment/flower_photos/daisy/144076848_57e1d662e3_m.jpg,daisy,daisy,daisy,True,0.27793259070540144
/content/gdrive/My Drive/Colab Notebooks/Assignment/flower_photos/dandelion/6012046444_fd80afb63a_n.jpg,dandelion,dandelion,dandelion,True,0.5204291052926463
/content/gdrive/My Drive/Colab Notebooks/Assignment/flower_photos/roses/3742155164_14b557a51c_n.jpg,roses,roses,roses,True,0.36999428656241884
/content/gdrive/My Drive/Colab Notebooks/Assignment/flower_photos/daisy/3463313493_9497aa47e5_n.jpg,daisy,daisy,daisy,True,0.3779492164215637
/content/gdrive/My Drive/Colab Notebooks/Assignment/flower_photos/tulips/8733586143_3139db6e9e_n.jpg,tulips,tulips,tulips,True,0.6062682321166087
/content/gdrive/My Drive/Colab Notebooks/Assignment/flower_photos/sunflowers/3865206264_5d81584bba.jpg,sunflowers,sunflowers,dandelion,False,0.63901611039674
/content/gdrive/My Drive/Colab Notebooks/Assignment/flower_photos/dandelion/3591588855_b4fd53b000.jpg,dandelion,dandelion,tulips,False,0.4088144318131468
/content/gdrive/My Drive/Colab Notebooks/Assignment/flower_photos/tulips/4508346090_a27b988f79_n.jpg,tulips,tulips,tulips,True,0.6542843459106448
/content/gdrive/My Drive/Colab Notebooks/Assignment/flower_photos/tulips/15147464747_594599c855_m.jpg,tulips,tulips,roses,False,0.5524943952384491
/content/gdrive/My Drive/Colab Notebooks/Assignment/flower_photos/sunflowers/5018120483_cc0421b176_m.jpg,sunflowers,sunflowers,sunflowers,True,0.5610546069695166
/content/gdrive/My Drive/Colab Notebooks/Assignment/flower_photos/tulips/16862422576_5226e8d1d0.jpg,tulips,tulips,sunflowers,False,0.2788026156972301
/content/gdrive/My Drive/Colab Notebooks/Assignment/flower_photos/tulips/9947385346_3a8cacea02_n.jpg,tulips,tulips,sunflowers,False,0.5970069289767618
/content/gdrive/My Drive/Colab Notebooks/Assignment/flower_photos/daisy/4814515275_6e25a6c18f.jpg,daisy,daisy,daisy,True,0.47580648526785224
/content/gdrive/My Drive/Colab Notebooks/Assignment/flower_photos/daisy/6299498346_b9774b6500.jpg,daisy,daisy,sunflowers,False,0.4120184367862944
/content/gdrive/My Drive/Colab Notebooks/Assignment/flower_photos/daisy/16291797949_a1b1b7c2bd_n.jpg,daisy,daisy,dandelion,False,0.4420783252066283
/content/gdrive/My Drive/Colab Notebooks/Assignment/flower_photos/daisy/6864242336_0d12713fe5_n.jpg,daisy,daisy,daisy,True,0.2866770837733647
/content/gdrive/My Drive/Colab Notebooks/Assignment/flower_photos/tulips/3143110904_66b4851a58_n.jpg,tulips,tulips,sunflowers,False,0.6151218737367875
/content/gdrive/My Drive/Colab Notebooks/Assignment/flower_photos/sunflowers/7369484298_332f69bd88_n.jpg,sunflowers,sunflowers,sunflowers,True,0.8545406474855051
/content/gdrive/My Drive/Colab Notebooks/Assignment/flower_photos/dandelion/13916196427_50a611008f.jpg,dandelion,dandelion,dandelion,True,0.8530359782666125
/content/gdrive/My Drive/Colab Notebooks/Assignment/flower_photos/roses/4256169180_55df2048a0.jpg,roses,roses,sunflowers,False,0.47868856244790475
/content/gdrive/My Drive/Colab Notebooks/Assignment/flower_photos/roses/9320934277_4fb95aef5d_n.jpg,roses,roses,dandelion,False,0.4830808623373569
/content/gdrive/My Drive/Colab Notebooks/Assignment/flower_photos/roses/5717319579_190e85c7d1_m.jpg,roses,roses,roses,True,0.4519516542355485
/content/gdrive/My Drive/Colab Notebooks/Assignment/flower_photos/dandelion/15821571649_06c4b9a868_n.jpg,dandelion,dandelion,sunflowers,False,0.47546912035950156
/content/gdrive/My Drive/Colab Notebooks/Assignment/flower_photos/dandelion/6994931102_4667c0352e.jpg,dandelion,dandelion,dandelion,True,0.542934912516579
/content/gdrive/My Drive/Colab Notebooks/Assignment/flower_photos/tulips/8622237974_b362574785_n.jpg,tulips,tulips,tulips,True,0.7390907912512978
/content/gdrive/My Drive/Colab Notebooks/Assignment/flower_photos/daisy/2889325612_f2fc403ff0_m.jpg,daisy,daisy,daisy,True,0.5100310573833994
/content/gdrive/My Drive/Colab Notebooks/Assignment/flower_photos/sunflowers/9558630626_52a1b7d702_m.jpg,sunflowers,sunflowers,roses,False,0.5734754709622127
/content/gdrive/My Drive/Colab Notebooks/Assignment/flower_photos/tulips/2432389721_4d14971060_n.jpg,tulips,tulips,tulips,True,0.6839791169091434
/content/gdrive/My Drive/Colab Notebooks/Assignment/flower_photos/daisy/18582579815_4c6637e9ff_m.jpg,daisy,daisy,sunflowers,False,0.4505338178829558
/content/gdrive/My Drive/Colab Notebooks/Assignment/flower_photos/dandelion/3472437817_7902b3d984_n.jpg,dandelion,dandelion,roses,False,0.46299990069713787
/content/gdrive/My Drive/Colab Notebooks/Assignment/flower_photos/roses/2215318403_06eb99176a.jpg,roses,roses,dandelion,False,0.4336171415277869
/content/gdrive/My Drive/Colab Notebooks/Assignment/flower_photos/roses/6309548569_932fee8313_m.jpg,roses,roses,roses,True,0.2920377163869985
/content/gdrive/My Drive/Colab Notebooks/Assignment/flower_photos/tulips/3422915985_9bf7264d36.jpg,tulips,tulips,roses,False,0.3112645299123933
/content/gdrive/My Drive/Colab Notebooks/Assignment/flower_photos/dandelion/7270523166_b62fc9e5f1_m.jpg,dandelion,dandelion,roses,False,0.5991495708689034
/content/gdrive/My Drive/Colab Notebooks/Assignment/flower_photos/roses/3109712111_75cea2dee6.jpg,roses,roses,daisy,False,0.3048094724956
/content/gdrive/My Drive/Colab Notebooks/Assignment/flower_photos/daisy/2536529152_33ef3ee078_n.jpg,daisy,daisy,daisy,True,0.5435963885273308
/content/gdrive/My Drive/Colab Notebooks/Assignment/flower_photos/dandelion/570127230_ce409f90f8_n.jpg,dandelion,dandelion,dandelion,True,0.5545081032691169
/content/gdrive/My Drive/Colab Notebooks/Assignment/flower_photos/sunflowers/7857605684_fc86440c23.jpg,sunflowers,sunflowers,tulips,False,0.42206621611959094
/content/gdrive/My Drive/Colab Notebooks/Assignment/flower_photos/sunflowers/4804434999_bf2187e96a_n.jpg,sunflowers,sunflowers,daisy,False,0.5443094946745536
